[13356:1] 2025-01-03 14:44:58.138 [0x448(3) InitializeLog] [SET_LOGPATH] %programdata%\Geni\Insights\logs\cmon.cmd.exe.log
[13356:1] 2025-01-03 14:44:58.141 [0x448(0) CxCommonApi::LogModuleInfo] [MODULE LOADING] ModuleName cmon64.dll, Version [2.0.0.1], ModulePath C:\Program Files\Geni\Insights\temp\cmon64.dll ModifiedTime 2024-09-23 16:53:04
[13356:1] 2025-01-03 14:44:58.143 [0x448(183) CxConsoleMonitor::Initialize] [Initialize]
[13356:1] 2025-01-03 14:44:58.144 [0x448(183) CxSensorPipeClient::Initialize] [Initialize]
[13356:1] 2025-01-03 14:44:58.146 [0x448(0) CxThreadPool::Initialize] Queue init : OutputQue 0, nThreadPoolSize : 1
[13356:1] 2025-01-03 14:44:58.148 [0x448(183) CxThreadPool::CreateThreadPool] Create 1 WorkerThread
[13356:1] 2025-01-03 14:44:58.149 [0x448(183) CxConsoleMonitor::InstallHook] [InstallHook]
[13356:1] 2025-01-03 14:44:58.152 [0x448(126) CxConsoleMonitor::xGetProcAddress] [GET_PROC_ADDR] ReadConsoleW from kernelbase.dll
[13356:1] 2025-01-03 14:44:58.153 [0x448(183) CxConsoleMonitor::InstallHook] [INSTALL_HOOK] ReadConsoleW : cmd.exe:13356
[13356:1] 2025-01-03 14:44:58.155 [0x448(183) CxConsoleMonitor::xGetProcAddress] [GET_PROC_ADDR] ReadConsoleInputW from kernelbase.dll
[13356:1] 2025-01-03 14:44:58.156 [0x448(183) CxConsoleMonitor::InstallHook] [INSTALL_HOOK] RealReadConsoleInputW : cmd.exe:13356
[13356:1] 2025-01-03 14:44:58.158 [0x448(183) CxConsoleMonitor::InstallHook] [SUCCESS]
[13356:1] 2025-01-03 14:44:58.159 [0x448(183) CxConsoleMonitor::GetCmonProfileInfo] [REQ_CMON_PROFILE] 
[13356:1] 2025-01-03 14:44:58.160 [0x448(0) CxConsoleMonitor::Initialize] [/Initialize] SUCCESS
[13356:1] 2025-01-03 14:44:58.163 [0x900(87) CxThreadPool::ThreadEntry] Worker Thread begins
[13356:1] 2025-01-03 14:44:58.168 [0x900(1) CxSensorPipeClient::SendJson] [SEND][ReqType:4] {
   "PID" : 13356,
   "ProcPath" : "C:\\Windows\\system32\\cmd.exe",
   "ReqType" : "xSensorRequestType_GetCmonProfile"
}

[13356:1] 2025-01-03 14:44:58.170 [0x900(183) CxSensorPipeClient::SendJson] [RECV] {
   "MaxConsoleInputLength" : 1000
}

[13356:1] 2025-01-03 14:44:58.171 [0x900(183) CxConsoleMonitor::PipeResponseCallback] [RES_CALLBACK]
[13356:1] 2025-01-03 14:44:58.173 [0x900(183) CxConsoleMonitor::PipeResponseCallback] [CMON_PROFILE] MaxConsoleInputLength : 1000
[13356:1] 2025-01-03 14:45:03.481 [0x448(126) CxConsoleMonitor::Uninitialize] [Uninitialize]
[13356:1] 2025-01-03 14:45:03.482 [0x448(183) CxSensorPipeClient::Uninitialize] [Uninitialize]
[13356:1] 2025-01-03 14:45:03.484 [0x448(183) CxSensorPipeClient::Uninitialize] [/Uninitialize]
[13356:1] 2025-01-03 14:45:03.485 [0x448(183) CxConsoleMonitor::Uninitialize] [/Uninitialize] SUCCESS
[1376:1] 2025-01-03 14:45:58.174 [0xC30(5) InitializeLog] [SET_LOGPATH] %programdata%\Geni\Insights\logs\cmon.cmd.exe.log
[1376:1] 2025-01-03 14:45:58.177 [0xC30(0) CxCommonApi::LogModuleInfo] [MODULE LOADING] ModuleName cmon64.dll, Version [2.0.0.1], ModulePath C:\Program Files\Geni\Insights\temp\cmon64.dll ModifiedTime 2024-09-23 16:53:04
[1376:1] 2025-01-03 14:45:58.178 [0xC30(183) CxConsoleMonitor::Initialize] [Initialize]
[1376:1] 2025-01-03 14:45:58.180 [0xC30(183) CxSensorPipeClient::Initialize] [Initialize]
[1376:1] 2025-01-03 14:45:58.181 [0xC30(0) CxThreadPool::Initialize] Queue init : OutputQue 0, nThreadPoolSize : 1
[1376:1] 2025-01-03 14:45:58.182 [0xC30(183) CxThreadPool::CreateThreadPool] Create 1 WorkerThread
[1376:1] 2025-01-03 14:45:58.184 [0xC30(183) CxConsoleMonitor::InstallHook] [InstallHook]
[1376:1] 2025-01-03 14:45:58.187 [0xC30(126) CxConsoleMonitor::xGetProcAddress] [GET_PROC_ADDR] ReadConsoleW from kernelbase.dll
[1376:1] 2025-01-03 14:45:58.189 [0xC30(183) CxConsoleMonitor::InstallHook] [INSTALL_HOOK] ReadConsoleW : cmd.exe:1376
[1376:1] 2025-01-03 14:45:58.191 [0xC30(183) CxConsoleMonitor::xGetProcAddress] [GET_PROC_ADDR] ReadConsoleInputW from kernelbase.dll
[1376:1] 2025-01-03 14:45:58.193 [0xC30(183) CxConsoleMonitor::InstallHook] [INSTALL_HOOK] RealReadConsoleInputW : cmd.exe:1376
[1376:1] 2025-01-03 14:45:58.194 [0xC30(183) CxConsoleMonitor::InstallHook] [SUCCESS]
[1376:1] 2025-01-03 14:45:58.195 [0xC30(183) CxConsoleMonitor::GetCmonProfileInfo] [REQ_CMON_PROFILE] 
[1376:1] 2025-01-03 14:45:58.196 [0xC30(0) CxConsoleMonitor::Initialize] [/Initialize] SUCCESS
[1376:1] 2025-01-03 14:45:58.199 [0x96C(87) CxThreadPool::ThreadEntry] Worker Thread begins
[1376:1] 2025-01-03 14:45:58.202 [0x96C(1) CxSensorPipeClient::SendJson] [SEND][ReqType:4] {
   "PID" : 1376,
   "ProcPath" : "C:\\Windows\\system32\\cmd.exe",
   "ReqType" : "xSensorRequestType_GetCmonProfile"
}

[1376:1] 2025-01-03 14:45:58.205 [0x96C(183) CxSensorPipeClient::SendJson] [RECV] {
   "MaxConsoleInputLength" : 1000
}

[1376:1] 2025-01-03 14:45:58.206 [0x96C(183) CxConsoleMonitor::PipeResponseCallback] [RES_CALLBACK]
[1376:1] 2025-01-03 14:45:58.208 [0x96C(183) CxConsoleMonitor::PipeResponseCallback] [CMON_PROFILE] MaxConsoleInputLength : 1000
[1376:1] 2025-01-03 14:46:03.354 [0xC30(126) CxConsoleMonitor::Uninitialize] [Uninitialize]
[1376:1] 2025-01-03 14:46:03.356 [0xC30(183) CxSensorPipeClient::Uninitialize] [Uninitialize]
[1376:1] 2025-01-03 14:46:03.358 [0xC30(183) CxSensorPipeClient::Uninitialize] [/Uninitialize]
[1376:1] 2025-01-03 14:46:03.359 [0xC30(183) CxConsoleMonitor::Uninitialize] [/Uninitialize] SUCCESS
[7200:1] 2025-01-03 14:46:58.207 [0x3524(5) InitializeLog] [SET_LOGPATH] %programdata%\Geni\Insights\logs\cmon.cmd.exe.log
[7200:1] 2025-01-03 14:46:58.209 [0x3524(0) CxCommonApi::LogModuleInfo] [MODULE LOADING] ModuleName cmon64.dll, Version [2.0.0.1], ModulePath C:\Program Files\Geni\Insights\temp\cmon64.dll ModifiedTime 2024-09-23 16:53:04
[7200:1] 2025-01-03 14:46:58.211 [0x3524(183) CxConsoleMonitor::Initialize] [Initialize]
[7200:1] 2025-01-03 14:46:58.212 [0x3524(183) CxSensorPipeClient::Initialize] [Initialize]
[7200:1] 2025-01-03 14:46:58.214 [0x3524(0) CxThreadPool::Initialize] Queue init : OutputQue 0, nThreadPoolSize : 1
[7200:1] 2025-01-03 14:46:58.215 [0x3524(183) CxThreadPool::CreateThreadPool] Create 1 WorkerThread
[7200:1] 2025-01-03 14:46:58.217 [0x3524(183) CxConsoleMonitor::InstallHook] [InstallHook]
[7200:1] 2025-01-03 14:46:58.220 [0x3524(126) CxConsoleMonitor::xGetProcAddress] [GET_PROC_ADDR] ReadConsoleW from kernelbase.dll
[7200:1] 2025-01-03 14:46:58.221 [0x3524(183) CxConsoleMonitor::InstallHook] [INSTALL_HOOK] ReadConsoleW : cmd.exe:7200
[7200:1] 2025-01-03 14:46:58.222 [0x3524(183) CxConsoleMonitor::xGetProcAddress] [GET_PROC_ADDR] ReadConsoleInputW from kernelbase.dll
[7200:1] 2025-01-03 14:46:58.224 [0x3524(183) CxConsoleMonitor::InstallHook] [INSTALL_HOOK] RealReadConsoleInputW : cmd.exe:7200
[7200:1] 2025-01-03 14:46:58.225 [0x3524(183) CxConsoleMonitor::InstallHook] [SUCCESS]
[7200:1] 2025-01-03 14:46:58.227 [0x3524(183) CxConsoleMonitor::GetCmonProfileInfo] [REQ_CMON_PROFILE] 
[7200:1] 2025-01-03 14:46:58.228 [0x3524(0) CxConsoleMonitor::Initialize] [/Initialize] SUCCESS
[7200:1] 2025-01-03 14:46:58.230 [0x1978(87) CxThreadPool::ThreadEntry] Worker Thread begins
[7200:1] 2025-01-03 14:46:58.234 [0x1978(1) CxSensorPipeClient::SendJson] [SEND][ReqType:4] {
   "PID" : 7200,
   "ProcPath" : "C:\\Windows\\system32\\cmd.exe",
   "ReqType" : "xSensorRequestType_GetCmonProfile"
}

[7200:1] 2025-01-03 14:46:58.236 [0x1978(183) CxSensorPipeClient::SendJson] [RECV] {
   "MaxConsoleInputLength" : 1000
}

[7200:1] 2025-01-03 14:46:58.237 [0x1978(183) CxConsoleMonitor::PipeResponseCallback] [RES_CALLBACK]
[7200:1] 2025-01-03 14:46:58.239 [0x1978(183) CxConsoleMonitor::PipeResponseCallback] [CMON_PROFILE] MaxConsoleInputLength : 1000
[7200:1] 2025-01-03 14:47:03.374 [0x3524(126) CxConsoleMonitor::Uninitialize] [Uninitialize]
[7200:1] 2025-01-03 14:47:03.375 [0x3524(183) CxSensorPipeClient::Uninitialize] [Uninitialize]
[7200:1] 2025-01-03 14:47:03.377 [0x3524(183) CxSensorPipeClient::Uninitialize] [/Uninitialize]
[7200:1] 2025-01-03 14:47:03.378 [0x3524(183) CxConsoleMonitor::Uninitialize] [/Uninitialize] SUCCESS
[144:1] 2025-01-03 14:47:58.202 [0x218C(5) InitializeLog] [SET_LOGPATH] %programdata%\Geni\Insights\logs\cmon.cmd.exe.log
[144:1] 2025-01-03 14:47:58.204 [0x218C(0) CxCommonApi::LogModuleInfo] [MODULE LOADING] ModuleName cmon64.dll, Version [2.0.0.1], ModulePath C:\Program Files\Geni\Insights\temp\cmon64.dll ModifiedTime 2024-09-23 16:53:04
[144:1] 2025-01-03 14:47:58.206 [0x218C(183) CxConsoleMonitor::Initialize] [Initialize]
[144:1] 2025-01-03 14:47:58.207 [0x218C(183) CxSensorPipeClient::Initialize] [Initialize]
[144:1] 2025-01-03 14:47:58.209 [0x218C(0) CxThreadPool::Initialize] Queue init : OutputQue 0, nThreadPoolSize : 1
[144:1] 2025-01-03 14:47:58.210 [0x218C(183) CxThreadPool::CreateThreadPool] Create 1 WorkerThread
[144:1] 2025-01-03 14:47:58.212 [0x218C(183) CxConsoleMonitor::InstallHook] [InstallHook]
[144:1] 2025-01-03 14:47:58.214 [0x218C(126) CxConsoleMonitor::xGetProcAddress] [GET_PROC_ADDR] ReadConsoleW from kernelbase.dll
[144:1] 2025-01-03 14:47:58.216 [0x218C(183) CxConsoleMonitor::InstallHook] [INSTALL_HOOK] ReadConsoleW : cmd.exe:144
[144:1] 2025-01-03 14:47:58.218 [0x218C(183) CxConsoleMonitor::xGetProcAddress] [GET_PROC_ADDR] ReadConsoleInputW from kernelbase.dll
[144:1] 2025-01-03 14:47:58.219 [0x218C(183) CxConsoleMonitor::InstallHook] [INSTALL_HOOK] RealReadConsoleInputW : cmd.exe:144
[144:1] 2025-01-03 14:47:58.220 [0x218C(183) CxConsoleMonitor::InstallHook] [SUCCESS]
[144:1] 2025-01-03 14:47:58.221 [0x218C(183) CxConsoleMonitor::GetCmonProfileInfo] [REQ_CMON_PROFILE] 
[144:1] 2025-01-03 14:47:58.222 [0x218C(0) CxConsoleMonitor::Initialize] [/Initialize] SUCCESS
[144:1] 2025-01-03 14:47:58.224 [0x18E8(87) CxThreadPool::ThreadEntry] Worker Thread begins
[144:1] 2025-01-03 14:47:58.228 [0x18E8(1) CxSensorPipeClient::SendJson] [SEND][ReqType:4] {
   "PID" : 144,
   "ProcPath" : "C:\\Windows\\system32\\cmd.exe",
   "ReqType" : "xSensorRequestType_GetCmonProfile"
}

[144:1] 2025-01-03 14:47:58.229 [0x18E8(183) CxSensorPipeClient::SendJson] [RECV] {
   "MaxConsoleInputLength" : 1000
}

[144:1] 2025-01-03 14:47:58.231 [0x18E8(183) CxConsoleMonitor::PipeResponseCallback] [RES_CALLBACK]
[144:1] 2025-01-03 14:47:58.232 [0x18E8(183) CxConsoleMonitor::PipeResponseCallback] [CMON_PROFILE] MaxConsoleInputLength : 1000
[144:1] 2025-01-03 14:48:03.391 [0x218C(126) CxConsoleMonitor::Uninitialize] [Uninitialize]
[144:1] 2025-01-03 14:48:03.392 [0x218C(183) CxSensorPipeClient::Uninitialize] [Uninitialize]
[144:1] 2025-01-03 14:48:03.394 [0x218C(183) CxSensorPipeClient::Uninitialize] [/Uninitialize]
[144:1] 2025-01-03 14:48:03.395 [0x218C(183) CxConsoleMonitor::Uninitialize] [/Uninitialize] SUCCESS
[480:1] 2025-01-03 14:48:58.164 [0x353C(5) InitializeLog] [SET_LOGPATH] %programdata%\Geni\Insights\logs\cmon.cmd.exe.log
[480:1] 2025-01-03 14:48:58.167 [0x353C(0) CxCommonApi::LogModuleInfo] [MODULE LOADING] ModuleName cmon64.dll, Version [2.0.0.1], ModulePath C:\Program Files\Geni\Insights\temp\cmon64.dll ModifiedTime 2024-09-23 16:53:04
[480:1] 2025-01-03 14:48:58.169 [0x353C(183) CxConsoleMonitor::Initialize] [Initialize]
[480:1] 2025-01-03 14:48:58.170 [0x353C(183) CxSensorPipeClient::Initialize] [Initialize]
[480:1] 2025-01-03 14:48:58.172 [0x353C(0) CxThreadPool::Initialize] Queue init : OutputQue 0, nThreadPoolSize : 1
[480:1] 2025-01-03 14:48:58.173 [0x353C(183) CxThreadPool::CreateThreadPool] Create 1 WorkerThread
[480:1] 2025-01-03 14:48:58.176 [0x353C(183) CxConsoleMonitor::InstallHook] [InstallHook]
[480:1] 2025-01-03 14:48:58.179 [0x353C(126) CxConsoleMonitor::xGetProcAddress] [GET_PROC_ADDR] ReadConsoleW from kernelbase.dll
[480:1] 2025-01-03 14:48:58.181 [0x353C(183) CxConsoleMonitor::InstallHook] [INSTALL_HOOK] ReadConsoleW : cmd.exe:480
[480:1] 2025-01-03 14:48:58.183 [0x353C(183) CxConsoleMonitor::xGetProcAddress] [GET_PROC_ADDR] ReadConsoleInputW from kernelbase.dll
[480:1] 2025-01-03 14:48:58.185 [0x353C(183) CxConsoleMonitor::InstallHook] [INSTALL_HOOK] RealReadConsoleInputW : cmd.exe:480
[480:1] 2025-01-03 14:48:58.187 [0x353C(183) CxConsoleMonitor::InstallHook] [SUCCESS]
[480:1] 2025-01-03 14:48:58.188 [0x353C(183) CxConsoleMonitor::GetCmonProfileInfo] [REQ_CMON_PROFILE] 
[480:1] 2025-01-03 14:48:58.190 [0x353C(0) CxConsoleMonitor::Initialize] [/Initialize] SUCCESS
[480:1] 2025-01-03 14:48:58.192 [0x18BC(87) CxThreadPool::ThreadEntry] Worker Thread begins
[480:1] 2025-01-03 14:48:58.196 [0x18BC(1) CxSensorPipeClient::SendJson] [SEND][ReqType:4] {
   "PID" : 480,
   "ProcPath" : "C:\\Windows\\system32\\cmd.exe",
   "ReqType" : "xSensorRequestType_GetCmonProfile"
}

[480:1] 2025-01-03 14:48:58.197 [0x18BC(183) CxSensorPipeClient::SendJson] [RECV] {
   "MaxConsoleInputLength" : 1000
}

[480:1] 2025-01-03 14:48:58.198 [0x18BC(183) CxConsoleMonitor::PipeResponseCallback] [RES_CALLBACK]
[480:1] 2025-01-03 14:48:58.200 [0x18BC(183) CxConsoleMonitor::PipeResponseCallback] [CMON_PROFILE] MaxConsoleInputLength : 1000
[480:1] 2025-01-03 14:49:03.501 [0x353C(126) CxConsoleMonitor::Uninitialize] [Uninitialize]
[480:1] 2025-01-03 14:49:03.502 [0x353C(183) CxSensorPipeClient::Uninitialize] [Uninitialize]
[480:1] 2025-01-03 14:49:03.504 [0x353C(183) CxSensorPipeClient::Uninitialize] [/Uninitialize]
[480:1] 2025-01-03 14:49:03.505 [0x353C(183) CxConsoleMonitor::Uninitialize] [/Uninitialize] SUCCESS
[13348:1] 2025-01-03 14:49:58.224 [0x37E0(5) InitializeLog] [SET_LOGPATH] %programdata%\Geni\Insights\logs\cmon.cmd.exe.log
[13348:1] 2025-01-03 14:49:58.227 [0x37E0(0) CxCommonApi::LogModuleInfo] [MODULE LOADING] ModuleName cmon64.dll, Version [2.0.0.1], ModulePath C:\Program Files\Geni\Insights\temp\cmon64.dll ModifiedTime 2024-09-23 16:53:04
[13348:1] 2025-01-03 14:49:58.228 [0x37E0(183) CxConsoleMonitor::Initialize] [Initialize]
[13348:1] 2025-01-03 14:49:58.230 [0x37E0(183) CxSensorPipeClient::Initialize] [Initialize]
[13348:1] 2025-01-03 14:49:58.231 [0x37E0(0) CxThreadPool::Initialize] Queue init : OutputQue 0, nThreadPoolSize : 1
[13348:1] 2025-01-03 14:49:58.233 [0x37E0(183) CxThreadPool::CreateThreadPool] Create 1 WorkerThread
[13348:1] 2025-01-03 14:49:58.235 [0x37E0(183) CxConsoleMonitor::InstallHook] [InstallHook]
[13348:1] 2025-01-03 14:49:58.237 [0x37E0(126) CxConsoleMonitor::xGetProcAddress] [GET_PROC_ADDR] ReadConsoleW from kernelbase.dll
[13348:1] 2025-01-03 14:49:58.239 [0x37E0(183) CxConsoleMonitor::InstallHook] [INSTALL_HOOK] ReadConsoleW : cmd.exe:13348
[13348:1] 2025-01-03 14:49:58.240 [0x37E0(183) CxConsoleMonitor::xGetProcAddress] [GET_PROC_ADDR] ReadConsoleInputW from kernelbase.dll
[13348:1] 2025-01-03 14:49:58.242 [0x37E0(183) CxConsoleMonitor::InstallHook] [INSTALL_HOOK] RealReadConsoleInputW : cmd.exe:13348
[13348:1] 2025-01-03 14:49:58.243 [0x37E0(183) CxConsoleMonitor::InstallHook] [SUCCESS]
[13348:1] 2025-01-03 14:49:58.245 [0x37E0(183) CxConsoleMonitor::GetCmonProfileInfo] [REQ_CMON_PROFILE] 
[13348:1] 2025-01-03 14:49:58.246 [0x37E0(0) CxConsoleMonitor::Initialize] [/Initialize] SUCCESS
[13348:1] 2025-01-03 14:49:58.249 [0x193C(87) CxThreadPool::ThreadEntry] Worker Thread begins
[13348:1] 2025-01-03 14:49:58.252 [0x193C(1) CxSensorPipeClient::SendJson] [SEND][ReqType:4] {
   "PID" : 13348,
   "ProcPath" : "C:\\Windows\\system32\\cmd.exe",
   "ReqType" : "xSensorRequestType_GetCmonProfile"
}

[13348:1] 2025-01-03 14:49:58.254 [0x193C(183) CxSensorPipeClient::SendJson] [RECV] {
   "MaxConsoleInputLength" : 1000
}

[13348:1] 2025-01-03 14:49:58.255 [0x193C(183) CxConsoleMonitor::PipeResponseCallback] [RES_CALLBACK]
[13348:1] 2025-01-03 14:49:58.257 [0x193C(183) CxConsoleMonitor::PipeResponseCallback] [CMON_PROFILE] MaxConsoleInputLength : 1000
[13348:1] 2025-01-03 14:50:03.422 [0x37E0(126) CxConsoleMonitor::Uninitialize] [Uninitialize]
[13348:1] 2025-01-03 14:50:03.424 [0x37E0(183) CxSensorPipeClient::Uninitialize] [Uninitialize]
[13348:1] 2025-01-03 14:50:03.425 [0x37E0(183) CxSensorPipeClient::Uninitialize] [/Uninitialize]
[13348:1] 2025-01-03 14:50:03.426 [0x37E0(183) CxConsoleMonitor::Uninitialize] [/Uninitialize] SUCCESS
[9500:1] 2025-01-03 14:50:58.200 [0x2270(5) InitializeLog] [SET_LOGPATH] %programdata%\Geni\Insights\logs\cmon.cmd.exe.log
[9500:1] 2025-01-03 14:50:58.203 [0x2270(0) CxCommonApi::LogModuleInfo] [MODULE LOADING] ModuleName cmon64.dll, Version [2.0.0.1], ModulePath C:\Program Files\Geni\Insights\temp\cmon64.dll ModifiedTime 2024-09-23 16:53:04
[9500:1] 2025-01-03 14:50:58.205 [0x2270(183) CxConsoleMonitor::Initialize] [Initialize]
[9500:1] 2025-01-03 14:50:58.206 [0x2270(183) CxSensorPipeClient::Initialize] [Initialize]
[9500:1] 2025-01-03 14:50:58.207 [0x2270(0) CxThreadPool::Initialize] Queue init : OutputQue 0, nThreadPoolSize : 1
[9500:1] 2025-01-03 14:50:58.208 [0x2270(183) CxThreadPool::CreateThreadPool] Create 1 WorkerThread
[9500:1] 2025-01-03 14:50:58.210 [0x2270(183) CxConsoleMonitor::InstallHook] [InstallHook]
[9500:1] 2025-01-03 14:50:58.213 [0x2270(126) CxConsoleMonitor::xGetProcAddress] [GET_PROC_ADDR] ReadConsoleW from kernelbase.dll
[9500:1] 2025-01-03 14:50:58.214 [0x2270(183) CxConsoleMonitor::InstallHook] [INSTALL_HOOK] ReadConsoleW : cmd.exe:9500
[9500:1] 2025-01-03 14:50:58.216 [0x2270(183) CxConsoleMonitor::xGetProcAddress] [GET_PROC_ADDR] ReadConsoleInputW from kernelbase.dll
[9500:1] 2025-01-03 14:50:58.217 [0x2270(183) CxConsoleMonitor::InstallHook] [INSTALL_HOOK] RealReadConsoleInputW : cmd.exe:9500
[9500:1] 2025-01-03 14:50:58.219 [0x2270(183) CxConsoleMonitor::InstallHook] [SUCCESS]
[9500:1] 2025-01-03 14:50:58.221 [0x2270(183) CxConsoleMonitor::GetCmonProfileInfo] [REQ_CMON_PROFILE] 
[9500:1] 2025-01-03 14:50:58.222 [0x2270(0) CxConsoleMonitor::Initialize] [/Initialize] SUCCESS
[9500:1] 2025-01-03 14:50:58.224 [0x3650(87) CxThreadPool::ThreadEntry] Worker Thread begins
[9500:1] 2025-01-03 14:50:58.227 [0x3650(1) CxSensorPipeClient::SendJson] [SEND][ReqType:4] {
   "PID" : 9500,
   "ProcPath" : "C:\\Windows\\system32\\cmd.exe",
   "ReqType" : "xSensorRequestType_GetCmonProfile"
}

[9500:1] 2025-01-03 14:50:58.229 [0x3650(183) CxSensorPipeClient::SendJson] [RECV] {
   "MaxConsoleInputLength" : 1000
}

[9500:1] 2025-01-03 14:50:58.231 [0x3650(183) CxConsoleMonitor::PipeResponseCallback] [RES_CALLBACK]
[9500:1] 2025-01-03 14:50:58.232 [0x3650(183) CxConsoleMonitor::PipeResponseCallback] [CMON_PROFILE] MaxConsoleInputLength : 1000
[9500:1] 2025-01-03 14:51:03.418 [0x2270(126) CxConsoleMonitor::Uninitialize] [Uninitialize]
[9500:1] 2025-01-03 14:51:03.419 [0x2270(183) CxSensorPipeClient::Uninitialize] [Uninitialize]
[9500:1] 2025-01-03 14:51:03.421 [0x2270(183) CxSensorPipeClient::Uninitialize] [/Uninitialize]
[9500:1] 2025-01-03 14:51:03.422 [0x2270(183) CxConsoleMonitor::Uninitialize] [/Uninitialize] SUCCESS
[7232:1] 2025-01-03 14:51:58.204 [0x3524(5) InitializeLog] [SET_LOGPATH] %programdata%\Geni\Insights\logs\cmon.cmd.exe.log
[7232:1] 2025-01-03 14:51:58.207 [0x3524(0) CxCommonApi::LogModuleInfo] [MODULE LOADING] ModuleName cmon64.dll, Version [2.0.0.1], ModulePath C:\Program Files\Geni\Insights\temp\cmon64.dll ModifiedTime 2024-09-23 16:53:04
[7232:1] 2025-01-03 14:51:58.209 [0x3524(183) CxConsoleMonitor::Initialize] [Initialize]
[7232:1] 2025-01-03 14:51:58.210 [0x3524(183) CxSensorPipeClient::Initialize] [Initialize]
[7232:1] 2025-01-03 14:51:58.211 [0x3524(0) CxThreadPool::Initialize] Queue init : OutputQue 0, nThreadPoolSize : 1
[7232:1] 2025-01-03 14:51:58.212 [0x3524(183) CxThreadPool::CreateThreadPool] Create 1 WorkerThread
[7232:1] 2025-01-03 14:51:58.214 [0x3524(183) CxConsoleMonitor::InstallHook] [InstallHook]
[7232:1] 2025-01-03 14:51:58.216 [0x3524(126) CxConsoleMonitor::xGetProcAddress] [GET_PROC_ADDR] ReadConsoleW from kernelbase.dll
[7232:1] 2025-01-03 14:51:58.218 [0x3524(183) CxConsoleMonitor::InstallHook] [INSTALL_HOOK] ReadConsoleW : cmd.exe:7232
[7232:1] 2025-01-03 14:51:58.219 [0x3524(183) CxConsoleMonitor::xGetProcAddress] [GET_PROC_ADDR] ReadConsoleInputW from kernelbase.dll
[7232:1] 2025-01-03 14:51:58.220 [0x3524(183) CxConsoleMonitor::InstallHook] [INSTALL_HOOK] RealReadConsoleInputW : cmd.exe:7232
[7232:1] 2025-01-03 14:51:58.221 [0x3524(183) CxConsoleMonitor::InstallHook] [SUCCESS]
[7232:1] 2025-01-03 14:51:58.223 [0x3524(183) CxConsoleMonitor::GetCmonProfileInfo] [REQ_CMON_PROFILE] 
[7232:1] 2025-01-03 14:51:58.224 [0x3524(0) CxConsoleMonitor::Initialize] [/Initialize] SUCCESS
[7232:1] 2025-01-03 14:51:58.226 [0x34E8(87) CxThreadPool::ThreadEntry] Worker Thread begins
[7232:1] 2025-01-03 14:51:58.230 [0x34E8(1) CxSensorPipeClient::SendJson] [SEND][ReqType:4] {
   "PID" : 7232,
   "ProcPath" : "C:\\Windows\\system32\\cmd.exe",
   "ReqType" : "xSensorRequestType_GetCmonProfile"
}

[7232:1] 2025-01-03 14:51:58.232 [0x34E8(183) CxSensorPipeClient::SendJson] [RECV] {
   "MaxConsoleInputLength" : 1000
}

[7232:1] 2025-01-03 14:51:58.234 [0x34E8(183) CxConsoleMonitor::PipeResponseCallback] [RES_CALLBACK]
[7232:1] 2025-01-03 14:51:58.236 [0x34E8(183) CxConsoleMonitor::PipeResponseCallback] [CMON_PROFILE] MaxConsoleInputLength : 1000
[7232:1] 2025-01-03 14:52:03.465 [0x3524(126) CxConsoleMonitor::Uninitialize] [Uninitialize]
[7232:1] 2025-01-03 14:52:03.467 [0x3524(183) CxSensorPipeClient::Uninitialize] [Uninitialize]
[7232:1] 2025-01-03 14:52:03.468 [0x3524(183) CxSensorPipeClient::Uninitialize] [/Uninitialize]
[7232:1] 2025-01-03 14:52:03.470 [0x3524(183) CxConsoleMonitor::Uninitialize] [/Uninitialize] SUCCESS
[8944:1] 2025-01-03 14:52:58.216 [0x4CC(5) InitializeLog] [SET_LOGPATH] %programdata%\Geni\Insights\logs\cmon.cmd.exe.log
[8944:1] 2025-01-03 14:52:58.219 [0x4CC(0) CxCommonApi::LogModuleInfo] [MODULE LOADING] ModuleName cmon64.dll, Version [2.0.0.1], ModulePath C:\Program Files\Geni\Insights\temp\cmon64.dll ModifiedTime 2024-09-23 16:53:04
[8944:1] 2025-01-03 14:52:58.220 [0x4CC(183) CxConsoleMonitor::Initialize] [Initialize]
[8944:1] 2025-01-03 14:52:58.222 [0x4CC(183) CxSensorPipeClient::Initialize] [Initialize]
[8944:1] 2025-01-03 14:52:58.223 [0x4CC(0) CxThreadPool::Initialize] Queue init : OutputQue 0, nThreadPoolSize : 1
[8944:1] 2025-01-03 14:52:58.224 [0x4CC(183) CxThreadPool::CreateThreadPool] Create 1 WorkerThread
[8944:1] 2025-01-03 14:52:58.226 [0x4CC(183) CxConsoleMonitor::InstallHook] [InstallHook]
[8944:1] 2025-01-03 14:52:58.228 [0x4CC(126) CxConsoleMonitor::xGetProcAddress] [GET_PROC_ADDR] ReadConsoleW from kernelbase.dll
[8944:1] 2025-01-03 14:52:58.229 [0x4CC(183) CxConsoleMonitor::InstallHook] [INSTALL_HOOK] ReadConsoleW : cmd.exe:8944
[8944:1] 2025-01-03 14:52:58.231 [0x4CC(183) CxConsoleMonitor::xGetProcAddress] [GET_PROC_ADDR] ReadConsoleInputW from kernelbase.dll
[8944:1] 2025-01-03 14:52:58.232 [0x4CC(183) CxConsoleMonitor::InstallHook] [INSTALL_HOOK] RealReadConsoleInputW : cmd.exe:8944
[8944:1] 2025-01-03 14:52:58.233 [0x4CC(183) CxConsoleMonitor::InstallHook] [SUCCESS]
[8944:1] 2025-01-03 14:52:58.235 [0x4CC(183) CxConsoleMonitor::GetCmonProfileInfo] [REQ_CMON_PROFILE] 
[8944:1] 2025-01-03 14:52:58.236 [0x4CC(0) CxConsoleMonitor::Initialize] [/Initialize] SUCCESS
[8944:1] 2025-01-03 14:52:58.238 [0x1974(87) CxThreadPool::ThreadEntry] Worker Thread begins
[8944:1] 2025-01-03 14:52:58.241 [0x1974(1) CxSensorPipeClient::SendJson] [SEND][ReqType:4] {
   "PID" : 8944,
   "ProcPath" : "C:\\Windows\\system32\\cmd.exe",
   "ReqType" : "xSensorRequestType_GetCmonProfile"
}

[8944:1] 2025-01-03 14:52:58.243 [0x1974(183) CxSensorPipeClient::SendJson] [RECV] {
   "MaxConsoleInputLength" : 1000
}

[8944:1] 2025-01-03 14:52:58.244 [0x1974(183) CxConsoleMonitor::PipeResponseCallback] [RES_CALLBACK]
[8944:1] 2025-01-03 14:52:58.245 [0x1974(183) CxConsoleMonitor::PipeResponseCallback] [CMON_PROFILE] MaxConsoleInputLength : 1000
[8944:1] 2025-01-03 14:53:03.389 [0x4CC(126) CxConsoleMonitor::Uninitialize] [Uninitialize]
[8944:1] 2025-01-03 14:53:03.390 [0x4CC(183) CxSensorPipeClient::Uninitialize] [Uninitialize]
[8944:1] 2025-01-03 14:53:03.391 [0x4CC(183) CxSensorPipeClient::Uninitialize] [/Uninitialize]
[8944:1] 2025-01-03 14:53:03.392 [0x4CC(183) CxConsoleMonitor::Uninitialize] [/Uninitialize] SUCCESS
[5476:1] 2025-01-03 14:53:58.252 [0x2E5C(5) InitializeLog] [SET_LOGPATH] %programdata%\Geni\Insights\logs\cmon.cmd.exe.log
[5476:1] 2025-01-03 14:53:58.255 [0x2E5C(0) CxCommonApi::LogModuleInfo] [MODULE LOADING] ModuleName cmon64.dll, Version [2.0.0.1], ModulePath C:\Program Files\Geni\Insights\temp\cmon64.dll ModifiedTime 2024-09-23 16:53:04
[5476:1] 2025-01-03 14:53:58.256 [0x2E5C(183) CxConsoleMonitor::Initialize] [Initialize]
[5476:1] 2025-01-03 14:53:58.257 [0x2E5C(183) CxSensorPipeClient::Initialize] [Initialize]
[5476:1] 2025-01-03 14:53:58.258 [0x2E5C(0) CxThreadPool::Initialize] Queue init : OutputQue 0, nThreadPoolSize : 1
[5476:1] 2025-01-03 14:53:58.260 [0x2E5C(183) CxThreadPool::CreateThreadPool] Create 1 WorkerThread
[5476:1] 2025-01-03 14:53:58.261 [0x2E5C(183) CxConsoleMonitor::InstallHook] [InstallHook]
[5476:1] 2025-01-03 14:53:58.263 [0x2E5C(126) CxConsoleMonitor::xGetProcAddress] [GET_PROC_ADDR] ReadConsoleW from kernelbase.dll
[5476:1] 2025-01-03 14:53:58.265 [0x2E5C(183) CxConsoleMonitor::InstallHook] [INSTALL_HOOK] ReadConsoleW : cmd.exe:5476
[5476:1] 2025-01-03 14:53:58.266 [0x2E5C(183) CxConsoleMonitor::xGetProcAddress] [GET_PROC_ADDR] ReadConsoleInputW from kernelbase.dll
[5476:1] 2025-01-03 14:53:58.267 [0x2E5C(183) CxConsoleMonitor::InstallHook] [INSTALL_HOOK] RealReadConsoleInputW : cmd.exe:5476
[5476:1] 2025-01-03 14:53:58.268 [0x2E5C(183) CxConsoleMonitor::InstallHook] [SUCCESS]
[5476:1] 2025-01-03 14:53:58.270 [0x2E5C(183) CxConsoleMonitor::GetCmonProfileInfo] [REQ_CMON_PROFILE] 
[5476:1] 2025-01-03 14:53:58.271 [0x2E5C(0) CxConsoleMonitor::Initialize] [/Initialize] SUCCESS
[5476:1] 2025-01-03 14:53:58.273 [0x8AC(87) CxThreadPool::ThreadEntry] Worker Thread begins
[5476:1] 2025-01-03 14:53:58.276 [0x8AC(1) CxSensorPipeClient::SendJson] [SEND][ReqType:4] {
   "PID" : 5476,
   "ProcPath" : "C:\\Windows\\system32\\cmd.exe",
   "ReqType" : "xSensorRequestType_GetCmonProfile"
}

[5476:1] 2025-01-03 14:53:58.278 [0x8AC(183) CxSensorPipeClient::SendJson] [RECV] {
   "MaxConsoleInputLength" : 1000
}

[5476:1] 2025-01-03 14:53:58.279 [0x8AC(183) CxConsoleMonitor::PipeResponseCallback] [RES_CALLBACK]
[5476:1] 2025-01-03 14:53:58.280 [0x8AC(183) CxConsoleMonitor::PipeResponseCallback] [CMON_PROFILE] MaxConsoleInputLength : 1000
[5476:1] 2025-01-03 14:54:03.500 [0x2E5C(126) CxConsoleMonitor::Uninitialize] [Uninitialize]
[5476:1] 2025-01-03 14:54:03.501 [0x2E5C(183) CxSensorPipeClient::Uninitialize] [Uninitialize]
[5476:1] 2025-01-03 14:54:03.502 [0x2E5C(183) CxSensorPipeClient::Uninitialize] [/Uninitialize]
[5476:1] 2025-01-03 14:54:03.504 [0x2E5C(183) CxConsoleMonitor::Uninitialize] [/Uninitialize] SUCCESS
[8080:1] 2025-01-03 14:54:58.199 [0x2328(5) InitializeLog] [SET_LOGPATH] %programdata%\Geni\Insights\logs\cmon.cmd.exe.log
[8080:1] 2025-01-03 14:54:58.201 [0x2328(0) CxCommonApi::LogModuleInfo] [MODULE LOADING] ModuleName cmon64.dll, Version [2.0.0.1], ModulePath C:\Program Files\Geni\Insights\temp\cmon64.dll ModifiedTime 2024-09-23 16:53:04
[8080:1] 2025-01-03 14:54:58.203 [0x2328(183) CxConsoleMonitor::Initialize] [Initialize]
[8080:1] 2025-01-03 14:54:58.205 [0x2328(183) CxSensorPipeClient::Initialize] [Initialize]
[8080:1] 2025-01-03 14:54:58.206 [0x2328(0) CxThreadPool::Initialize] Queue init : OutputQue 0, nThreadPoolSize : 1
[8080:1] 2025-01-03 14:54:58.207 [0x2328(183) CxThreadPool::CreateThreadPool] Create 1 WorkerThread
[8080:1] 2025-01-03 14:54:58.209 [0x2328(183) CxConsoleMonitor::InstallHook] [InstallHook]
[8080:1] 2025-01-03 14:54:58.211 [0x2328(126) CxConsoleMonitor::xGetProcAddress] [GET_PROC_ADDR] ReadConsoleW from kernelbase.dll
[8080:1] 2025-01-03 14:54:58.212 [0x2328(183) CxConsoleMonitor::InstallHook] [INSTALL_HOOK] ReadConsoleW : cmd.exe:8080
[8080:1] 2025-01-03 14:54:58.213 [0x2328(183) CxConsoleMonitor::xGetProcAddress] [GET_PROC_ADDR] ReadConsoleInputW from kernelbase.dll
[8080:1] 2025-01-03 14:54:58.215 [0x2328(183) CxConsoleMonitor::InstallHook] [INSTALL_HOOK] RealReadConsoleInputW : cmd.exe:8080
[8080:1] 2025-01-03 14:54:58.216 [0x2328(183) CxConsoleMonitor::InstallHook] [SUCCESS]
[8080:1] 2025-01-03 14:54:58.217 [0x2328(183) CxConsoleMonitor::GetCmonProfileInfo] [REQ_CMON_PROFILE] 
[8080:1] 2025-01-03 14:54:58.218 [0x2328(0) CxConsoleMonitor::Initialize] [/Initialize] SUCCESS
[8080:1] 2025-01-03 14:54:58.220 [0x20E8(87) CxThreadPool::ThreadEntry] Worker Thread begins
[8080:1] 2025-01-03 14:54:58.223 [0x20E8(1) CxSensorPipeClient::SendJson] [SEND][ReqType:4] {
   "PID" : 8080,
   "ProcPath" : "C:\\Windows\\system32\\cmd.exe",
   "ReqType" : "xSensorRequestType_GetCmonProfile"
}

[8080:1] 2025-01-03 14:54:58.225 [0x20E8(183) CxSensorPipeClient::SendJson] [RECV] {
   "MaxConsoleInputLength" : 1000
}

[8080:1] 2025-01-03 14:54:58.226 [0x20E8(183) CxConsoleMonitor::PipeResponseCallback] [RES_CALLBACK]
[8080:1] 2025-01-03 14:54:58.228 [0x20E8(183) CxConsoleMonitor::PipeResponseCallback] [CMON_PROFILE] MaxConsoleInputLength : 1000
[8080:1] 2025-01-03 14:55:03.568 [0x2328(126) CxConsoleMonitor::Uninitialize] [Uninitialize]
[8080:1] 2025-01-03 14:55:03.569 [0x2328(183) CxSensorPipeClient::Uninitialize] [Uninitialize]
[8080:1] 2025-01-03 14:55:03.570 [0x2328(183) CxSensorPipeClient::Uninitialize] [/Uninitialize]
[8080:1] 2025-01-03 14:55:03.572 [0x2328(183) CxConsoleMonitor::Uninitialize] [/Uninitialize] SUCCESS
[2216:1] 2025-01-03 14:55:58.221 [0x254C(5) InitializeLog] [SET_LOGPATH] %programdata%\Geni\Insights\logs\cmon.cmd.exe.log
[2216:1] 2025-01-03 14:55:58.223 [0x254C(0) CxCommonApi::LogModuleInfo] [MODULE LOADING] ModuleName cmon64.dll, Version [2.0.0.1], ModulePath C:\Program Files\Geni\Insights\temp\cmon64.dll ModifiedTime 2024-09-23 16:53:04
[2216:1] 2025-01-03 14:55:58.225 [0x254C(183) CxConsoleMonitor::Initialize] [Initialize]
[2216:1] 2025-01-03 14:55:58.226 [0x254C(183) CxSensorPipeClient::Initialize] [Initialize]
[2216:1] 2025-01-03 14:55:58.227 [0x254C(0) CxThreadPool::Initialize] Queue init : OutputQue 0, nThreadPoolSize : 1
[2216:1] 2025-01-03 14:55:58.229 [0x254C(183) CxThreadPool::CreateThreadPool] Create 1 WorkerThread
[2216:1] 2025-01-03 14:55:58.230 [0x254C(183) CxConsoleMonitor::InstallHook] [InstallHook]
[2216:1] 2025-01-03 14:55:58.232 [0x254C(126) CxConsoleMonitor::xGetProcAddress] [GET_PROC_ADDR] ReadConsoleW from kernelbase.dll
[2216:1] 2025-01-03 14:55:58.234 [0x254C(183) CxConsoleMonitor::InstallHook] [INSTALL_HOOK] ReadConsoleW : cmd.exe:2216
[2216:1] 2025-01-03 14:55:58.235 [0x254C(183) CxConsoleMonitor::xGetProcAddress] [GET_PROC_ADDR] ReadConsoleInputW from kernelbase.dll
[2216:1] 2025-01-03 14:55:58.236 [0x254C(183) CxConsoleMonitor::InstallHook] [INSTALL_HOOK] RealReadConsoleInputW : cmd.exe:2216
[2216:1] 2025-01-03 14:55:58.237 [0x254C(183) CxConsoleMonitor::InstallHook] [SUCCESS]
[2216:1] 2025-01-03 14:55:58.239 [0x254C(183) CxConsoleMonitor::GetCmonProfileInfo] [REQ_CMON_PROFILE] 
[2216:1] 2025-01-03 14:55:58.240 [0x254C(0) CxConsoleMonitor::Initialize] [/Initialize] SUCCESS
[2216:1] 2025-01-03 14:55:58.242 [0xFC(87) CxThreadPool::ThreadEntry] Worker Thread begins
[2216:1] 2025-01-03 14:55:58.246 [0xFC(1) CxSensorPipeClient::SendJson] [SEND][ReqType:4] {
   "PID" : 2216,
   "ProcPath" : "C:\\Windows\\system32\\cmd.exe",
   "ReqType" : "xSensorRequestType_GetCmonProfile"
}

[2216:1] 2025-01-03 14:55:58.247 [0xFC(183) CxSensorPipeClient::SendJson] [RECV] {
   "MaxConsoleInputLength" : 1000
}

[2216:1] 2025-01-03 14:55:58.248 [0xFC(183) CxConsoleMonitor::PipeResponseCallback] [RES_CALLBACK]
[2216:1] 2025-01-03 14:55:58.250 [0xFC(183) CxConsoleMonitor::PipeResponseCallback] [CMON_PROFILE] MaxConsoleInputLength : 1000
[2216:1] 2025-01-03 14:56:03.596 [0x254C(126) CxConsoleMonitor::Uninitialize] [Uninitialize]
[2216:1] 2025-01-03 14:56:03.597 [0x254C(183) CxSensorPipeClient::Uninitialize] [Uninitialize]
[2216:1] 2025-01-03 14:56:03.598 [0x254C(183) CxSensorPipeClient::Uninitialize] [/Uninitialize]
[2216:1] 2025-01-03 14:56:03.600 [0x254C(183) CxConsoleMonitor::Uninitialize] [/Uninitialize] SUCCESS
[4032:1] 2025-01-03 14:56:58.253 [0x3204(5) InitializeLog] [SET_LOGPATH] %programdata%\Geni\Insights\logs\cmon.cmd.exe.log
[4032:1] 2025-01-03 14:56:58.256 [0x3204(0) CxCommonApi::LogModuleInfo] [MODULE LOADING] ModuleName cmon64.dll, Version [2.0.0.1], ModulePath C:\Program Files\Geni\Insights\temp\cmon64.dll ModifiedTime 2024-09-23 16:53:04
[4032:1] 2025-01-03 14:56:58.257 [0x3204(183) CxConsoleMonitor::Initialize] [Initialize]
[4032:1] 2025-01-03 14:56:58.258 [0x3204(183) CxSensorPipeClient::Initialize] [Initialize]
[4032:1] 2025-01-03 14:56:58.260 [0x3204(0) CxThreadPool::Initialize] Queue init : OutputQue 0, nThreadPoolSize : 1
[4032:1] 2025-01-03 14:56:58.261 [0x3204(183) CxThreadPool::CreateThreadPool] Create 1 WorkerThread
[4032:1] 2025-01-03 14:56:58.263 [0x3204(183) CxConsoleMonitor::InstallHook] [InstallHook]
[4032:1] 2025-01-03 14:56:58.265 [0x3204(126) CxConsoleMonitor::xGetProcAddress] [GET_PROC_ADDR] ReadConsoleW from kernelbase.dll
[4032:1] 2025-01-03 14:56:58.266 [0x3204(183) CxConsoleMonitor::InstallHook] [INSTALL_HOOK] ReadConsoleW : cmd.exe:4032
[4032:1] 2025-01-03 14:56:58.268 [0x3204(183) CxConsoleMonitor::xGetProcAddress] [GET_PROC_ADDR] ReadConsoleInputW from kernelbase.dll
[4032:1] 2025-01-03 14:56:58.269 [0x3204(183) CxConsoleMonitor::InstallHook] [INSTALL_HOOK] RealReadConsoleInputW : cmd.exe:4032
[4032:1] 2025-01-03 14:56:58.271 [0x3204(183) CxConsoleMonitor::InstallHook] [SUCCESS]
[4032:1] 2025-01-03 14:56:58.272 [0x3204(183) CxConsoleMonitor::GetCmonProfileInfo] [REQ_CMON_PROFILE] 
[4032:1] 2025-01-03 14:56:58.273 [0x3204(0) CxConsoleMonitor::Initialize] [/Initialize] SUCCESS
[4032:1] 2025-01-03 14:56:58.275 [0x3774(87) CxThreadPool::ThreadEntry] Worker Thread begins
[4032:1] 2025-01-03 14:56:58.279 [0x3774(1) CxSensorPipeClient::SendJson] [SEND][ReqType:4] {
   "PID" : 4032,
   "ProcPath" : "C:\\Windows\\system32\\cmd.exe",
   "ReqType" : "xSensorRequestType_GetCmonProfile"
}

[4032:1] 2025-01-03 14:56:58.281 [0x3774(183) CxSensorPipeClient::SendJson] [RECV] {
   "MaxConsoleInputLength" : 1000
}

[4032:1] 2025-01-03 14:56:58.282 [0x3774(183) CxConsoleMonitor::PipeResponseCallback] [RES_CALLBACK]
[4032:1] 2025-01-03 14:56:58.283 [0x3774(183) CxConsoleMonitor::PipeResponseCallback] [CMON_PROFILE] MaxConsoleInputLength : 1000
[4032:1] 2025-01-03 14:57:03.492 [0x3204(126) CxConsoleMonitor::Uninitialize] [Uninitialize]
[4032:1] 2025-01-03 14:57:03.494 [0x3204(183) CxSensorPipeClient::Uninitialize] [Uninitialize]
[4032:1] 2025-01-03 14:57:03.495 [0x3204(183) CxSensorPipeClient::Uninitialize] [/Uninitialize]
[4032:1] 2025-01-03 14:57:03.496 [0x3204(183) CxConsoleMonitor::Uninitialize] [/Uninitialize] SUCCESS
[12372:1] 2025-01-03 14:57:58.205 [0x2384(5) InitializeLog] [SET_LOGPATH] %programdata%\Geni\Insights\logs\cmon.cmd.exe.log
[12372:1] 2025-01-03 14:57:58.207 [0x2384(0) CxCommonApi::LogModuleInfo] [MODULE LOADING] ModuleName cmon64.dll, Version [2.0.0.1], ModulePath C:\Program Files\Geni\Insights\temp\cmon64.dll ModifiedTime 2024-09-23 16:53:04
[12372:1] 2025-01-03 14:57:58.209 [0x2384(183) CxConsoleMonitor::Initialize] [Initialize]
[12372:1] 2025-01-03 14:57:58.210 [0x2384(183) CxSensorPipeClient::Initialize] [Initialize]
[12372:1] 2025-01-03 14:57:58.211 [0x2384(0) CxThreadPool::Initialize] Queue init : OutputQue 0, nThreadPoolSize : 1
[12372:1] 2025-01-03 14:57:58.212 [0x2384(183) CxThreadPool::CreateThreadPool] Create 1 WorkerThread
[12372:1] 2025-01-03 14:57:58.214 [0x2384(183) CxConsoleMonitor::InstallHook] [InstallHook]
[12372:1] 2025-01-03 14:57:58.216 [0x2384(126) CxConsoleMonitor::xGetProcAddress] [GET_PROC_ADDR] ReadConsoleW from kernelbase.dll
[12372:1] 2025-01-03 14:57:58.218 [0x2384(183) CxConsoleMonitor::InstallHook] [INSTALL_HOOK] ReadConsoleW : cmd.exe:12372
[12372:1] 2025-01-03 14:57:58.219 [0x2384(183) CxConsoleMonitor::xGetProcAddress] [GET_PROC_ADDR] ReadConsoleInputW from kernelbase.dll
[12372:1] 2025-01-03 14:57:58.220 [0x2384(183) CxConsoleMonitor::InstallHook] [INSTALL_HOOK] RealReadConsoleInputW : cmd.exe:12372
[12372:1] 2025-01-03 14:57:58.221 [0x2384(183) CxConsoleMonitor::InstallHook] [SUCCESS]
[12372:1] 2025-01-03 14:57:58.222 [0x2384(183) CxConsoleMonitor::GetCmonProfileInfo] [REQ_CMON_PROFILE] 
[12372:1] 2025-01-03 14:57:58.224 [0x2384(0) CxConsoleMonitor::Initialize] [/Initialize] SUCCESS
[12372:1] 2025-01-03 14:57:58.226 [0x2D50(87) CxThreadPool::ThreadEntry] Worker Thread begins
[12372:1] 2025-01-03 14:57:58.229 [0x2D50(1) CxSensorPipeClient::SendJson] [SEND][ReqType:4] {
   "PID" : 12372,
   "ProcPath" : "C:\\Windows\\system32\\cmd.exe",
   "ReqType" : "xSensorRequestType_GetCmonProfile"
}

[12372:1] 2025-01-03 14:57:58.231 [0x2D50(183) CxSensorPipeClient::SendJson] [RECV] {
   "MaxConsoleInputLength" : 1000
}

[12372:1] 2025-01-03 14:57:58.232 [0x2D50(183) CxConsoleMonitor::PipeResponseCallback] [RES_CALLBACK]
[12372:1] 2025-01-03 14:57:58.233 [0x2D50(183) CxConsoleMonitor::PipeResponseCallback] [CMON_PROFILE] MaxConsoleInputLength : 1000
[12372:1] 2025-01-03 14:58:03.410 [0x2384(126) CxConsoleMonitor::Uninitialize] [Uninitialize]
[12372:1] 2025-01-03 14:58:03.412 [0x2384(183) CxSensorPipeClient::Uninitialize] [Uninitialize]
[12372:1] 2025-01-03 14:58:03.414 [0x2384(183) CxSensorPipeClient::Uninitialize] [/Uninitialize]
[12372:1] 2025-01-03 14:58:03.415 [0x2384(183) CxConsoleMonitor::Uninitialize] [/Uninitialize] SUCCESS
[7276:1] 2025-01-03 14:58:58.263 [0x3474(5) InitializeLog] [SET_LOGPATH] %programdata%\Geni\Insights\logs\cmon.cmd.exe.log
[7276:1] 2025-01-03 14:58:58.266 [0x3474(0) CxCommonApi::LogModuleInfo] [MODULE LOADING] ModuleName cmon64.dll, Version [2.0.0.1], ModulePath C:\Program Files\Geni\Insights\temp\cmon64.dll ModifiedTime 2024-09-23 16:53:04
[7276:1] 2025-01-03 14:58:58.267 [0x3474(183) CxConsoleMonitor::Initialize] [Initialize]
[7276:1] 2025-01-03 14:58:58.269 [0x3474(183) CxSensorPipeClient::Initialize] [Initialize]
[7276:1] 2025-01-03 14:58:58.270 [0x3474(0) CxThreadPool::Initialize] Queue init : OutputQue 0, nThreadPoolSize : 1
[7276:1] 2025-01-03 14:58:58.271 [0x3474(183) CxThreadPool::CreateThreadPool] Create 1 WorkerThread
[7276:1] 2025-01-03 14:58:58.273 [0x3474(183) CxConsoleMonitor::InstallHook] [InstallHook]
[7276:1] 2025-01-03 14:58:58.275 [0x3474(126) CxConsoleMonitor::xGetProcAddress] [GET_PROC_ADDR] ReadConsoleW from kernelbase.dll
[7276:1] 2025-01-03 14:58:58.277 [0x3474(183) CxConsoleMonitor::InstallHook] [INSTALL_HOOK] ReadConsoleW : cmd.exe:7276
[7276:1] 2025-01-03 14:58:58.278 [0x3474(183) CxConsoleMonitor::xGetProcAddress] [GET_PROC_ADDR] ReadConsoleInputW from kernelbase.dll
[7276:1] 2025-01-03 14:58:58.280 [0x3474(183) CxConsoleMonitor::InstallHook] [INSTALL_HOOK] RealReadConsoleInputW : cmd.exe:7276
[7276:1] 2025-01-03 14:58:58.281 [0x3474(183) CxConsoleMonitor::InstallHook] [SUCCESS]
[7276:1] 2025-01-03 14:58:58.283 [0x3474(183) CxConsoleMonitor::GetCmonProfileInfo] [REQ_CMON_PROFILE] 
[7276:1] 2025-01-03 14:58:58.284 [0x3474(0) CxConsoleMonitor::Initialize] [/Initialize] SUCCESS
[7276:1] 2025-01-03 14:58:58.287 [0x1FBC(87) CxThreadPool::ThreadEntry] Worker Thread begins
[7276:1] 2025-01-03 14:58:58.291 [0x1FBC(1) CxSensorPipeClient::SendJson] [SEND][ReqType:4] {
   "PID" : 7276,
   "ProcPath" : "C:\\Windows\\system32\\cmd.exe",
   "ReqType" : "xSensorRequestType_GetCmonProfile"
}

[7276:1] 2025-01-03 14:58:58.292 [0x1FBC(183) CxSensorPipeClient::SendJson] [RECV] {
   "MaxConsoleInputLength" : 1000
}

[7276:1] 2025-01-03 14:58:58.293 [0x1FBC(183) CxConsoleMonitor::PipeResponseCallback] [RES_CALLBACK]
[7276:1] 2025-01-03 14:58:58.294 [0x1FBC(183) CxConsoleMonitor::PipeResponseCallback] [CMON_PROFILE] MaxConsoleInputLength : 1000
[7276:1] 2025-01-03 14:59:03.547 [0x3474(126) CxConsoleMonitor::Uninitialize] [Uninitialize]
[7276:1] 2025-01-03 14:59:03.548 [0x3474(183) CxSensorPipeClient::Uninitialize] [Uninitialize]
[7276:1] 2025-01-03 14:59:03.550 [0x3474(183) CxSensorPipeClient::Uninitialize] [/Uninitialize]
[7276:1] 2025-01-03 14:59:03.551 [0x3474(183) CxConsoleMonitor::Uninitialize] [/Uninitialize] SUCCESS
[8308:1] 2025-01-03 14:59:58.232 [0x3044(5) InitializeLog] [SET_LOGPATH] %programdata%\Geni\Insights\logs\cmon.cmd.exe.log
[8308:1] 2025-01-03 14:59:58.235 [0x3044(0) CxCommonApi::LogModuleInfo] [MODULE LOADING] ModuleName cmon64.dll, Version [2.0.0.1], ModulePath C:\Program Files\Geni\Insights\temp\cmon64.dll ModifiedTime 2024-09-23 16:53:04
[8308:1] 2025-01-03 14:59:58.236 [0x3044(183) CxConsoleMonitor::Initialize] [Initialize]
[8308:1] 2025-01-03 14:59:58.237 [0x3044(183) CxSensorPipeClient::Initialize] [Initialize]
[8308:1] 2025-01-03 14:59:58.238 [0x3044(0) CxThreadPool::Initialize] Queue init : OutputQue 0, nThreadPoolSize : 1
[8308:1] 2025-01-03 14:59:58.239 [0x3044(183) CxThreadPool::CreateThreadPool] Create 1 WorkerThread
[8308:1] 2025-01-03 14:59:58.241 [0x3044(183) CxConsoleMonitor::InstallHook] [InstallHook]
[8308:1] 2025-01-03 14:59:58.243 [0x3044(126) CxConsoleMonitor::xGetProcAddress] [GET_PROC_ADDR] ReadConsoleW from kernelbase.dll
[8308:1] 2025-01-03 14:59:58.245 [0x3044(183) CxConsoleMonitor::InstallHook] [INSTALL_HOOK] ReadConsoleW : cmd.exe:8308
[8308:1] 2025-01-03 14:59:58.246 [0x3044(183) CxConsoleMonitor::xGetProcAddress] [GET_PROC_ADDR] ReadConsoleInputW from kernelbase.dll
[8308:1] 2025-01-03 14:59:58.247 [0x3044(183) CxConsoleMonitor::InstallHook] [INSTALL_HOOK] RealReadConsoleInputW : cmd.exe:8308
[8308:1] 2025-01-03 14:59:58.248 [0x3044(183) CxConsoleMonitor::InstallHook] [SUCCESS]
[8308:1] 2025-01-03 14:59:58.250 [0x3044(183) CxConsoleMonitor::GetCmonProfileInfo] [REQ_CMON_PROFILE] 
[8308:1] 2025-01-03 14:59:58.251 [0x3044(0) CxConsoleMonitor::Initialize] [/Initialize] SUCCESS
[8308:1] 2025-01-03 14:59:58.253 [0xDD4(87) CxThreadPool::ThreadEntry] Worker Thread begins
[8308:1] 2025-01-03 14:59:58.256 [0xDD4(1) CxSensorPipeClient::SendJson] [SEND][ReqType:4] {
   "PID" : 8308,
   "ProcPath" : "C:\\Windows\\system32\\cmd.exe",
   "ReqType" : "xSensorRequestType_GetCmonProfile"
}

[8308:1] 2025-01-03 14:59:58.258 [0xDD4(183) CxSensorPipeClient::SendJson] [RECV] {
   "MaxConsoleInputLength" : 1000
}

[8308:1] 2025-01-03 14:59:58.259 [0xDD4(183) CxConsoleMonitor::PipeResponseCallback] [RES_CALLBACK]
[8308:1] 2025-01-03 14:59:58.261 [0xDD4(183) CxConsoleMonitor::PipeResponseCallback] [CMON_PROFILE] MaxConsoleInputLength : 1000
[8308:1] 2025-01-03 15:00:03.832 [0x3044(126) CxConsoleMonitor::Uninitialize] [Uninitialize]
[8308:1] 2025-01-03 15:00:03.834 [0x3044(183) CxSensorPipeClient::Uninitialize] [Uninitialize]
[8308:1] 2025-01-03 15:00:03.835 [0x3044(183) CxSensorPipeClient::Uninitialize] [/Uninitialize]
[8308:1] 2025-01-03 15:00:03.836 [0x3044(183) CxConsoleMonitor::Uninitialize] [/Uninitialize] SUCCESS
[4956:1] 2025-01-03 15:00:58.212 [0x22C0(5) InitializeLog] [SET_LOGPATH] %programdata%\Geni\Insights\logs\cmon.cmd.exe.log
[4956:1] 2025-01-03 15:00:58.215 [0x22C0(0) CxCommonApi::LogModuleInfo] [MODULE LOADING] ModuleName cmon64.dll, Version [2.0.0.1], ModulePath C:\Program Files\Geni\Insights\temp\cmon64.dll ModifiedTime 2024-09-23 16:53:04
[4956:1] 2025-01-03 15:00:58.217 [0x22C0(183) CxConsoleMonitor::Initialize] [Initialize]
[4956:1] 2025-01-03 15:00:58.219 [0x22C0(183) CxSensorPipeClient::Initialize] [Initialize]
[4956:1] 2025-01-03 15:00:58.220 [0x22C0(0) CxThreadPool::Initialize] Queue init : OutputQue 0, nThreadPoolSize : 1
[4956:1] 2025-01-03 15:00:58.221 [0x22C0(183) CxThreadPool::CreateThreadPool] Create 1 WorkerThread
[4956:1] 2025-01-03 15:00:58.222 [0x22C0(183) CxConsoleMonitor::InstallHook] [InstallHook]
[4956:1] 2025-01-03 15:00:58.225 [0x22C0(126) CxConsoleMonitor::xGetProcAddress] [GET_PROC_ADDR] ReadConsoleW from kernelbase.dll
[4956:1] 2025-01-03 15:00:58.226 [0x22C0(183) CxConsoleMonitor::InstallHook] [INSTALL_HOOK] ReadConsoleW : cmd.exe:4956
[4956:1] 2025-01-03 15:00:58.228 [0x22C0(183) CxConsoleMonitor::xGetProcAddress] [GET_PROC_ADDR] ReadConsoleInputW from kernelbase.dll
[4956:1] 2025-01-03 15:00:58.229 [0x22C0(183) CxConsoleMonitor::InstallHook] [INSTALL_HOOK] RealReadConsoleInputW : cmd.exe:4956
[4956:1] 2025-01-03 15:00:58.231 [0x22C0(183) CxConsoleMonitor::InstallHook] [SUCCESS]
[4956:1] 2025-01-03 15:00:58.232 [0x22C0(183) CxConsoleMonitor::GetCmonProfileInfo] [REQ_CMON_PROFILE] 
[4956:1] 2025-01-03 15:00:58.233 [0x22C0(0) CxConsoleMonitor::Initialize] [/Initialize] SUCCESS
[4956:1] 2025-01-03 15:00:58.235 [0x3540(87) CxThreadPool::ThreadEntry] Worker Thread begins
[4956:1] 2025-01-03 15:00:58.239 [0x3540(233) CxSensorPipeClient::SendJson] [SEND][ReqType:4] {
   "PID" : 4956,
   "ProcPath" : "C:\\Windows\\system32\\cmd.exe",
   "ReqType" : "xSensorRequestType_GetCmonProfile"
}

[4956:1] 2025-01-03 15:00:58.240 [0x3540(183) CxSensorPipeClient::SendJson] [RECV] {
   "MaxConsoleInputLength" : 1000
}

[4956:1] 2025-01-03 15:00:58.241 [0x3540(183) CxConsoleMonitor::PipeResponseCallback] [RES_CALLBACK]
[4956:1] 2025-01-03 15:00:58.243 [0x3540(183) CxConsoleMonitor::PipeResponseCallback] [CMON_PROFILE] MaxConsoleInputLength : 1000
[4956:1] 2025-01-03 15:01:03.846 [0x22C0(126) CxConsoleMonitor::Uninitialize] [Uninitialize]
[4956:1] 2025-01-03 15:01:03.847 [0x22C0(183) CxSensorPipeClient::Uninitialize] [Uninitialize]
[4956:1] 2025-01-03 15:01:03.848 [0x22C0(183) CxSensorPipeClient::Uninitialize] [/Uninitialize]
[4956:1] 2025-01-03 15:01:03.849 [0x22C0(183) CxConsoleMonitor::Uninitialize] [/Uninitialize] SUCCESS
[13380:1] 2025-01-03 15:01:58.259 [0x19E8(5) InitializeLog] [SET_LOGPATH] %programdata%\Geni\Insights\logs\cmon.cmd.exe.log
[13380:1] 2025-01-03 15:01:58.261 [0x19E8(0) CxCommonApi::LogModuleInfo] [MODULE LOADING] ModuleName cmon64.dll, Version [2.0.0.1], ModulePath C:\Program Files\Geni\Insights\temp\cmon64.dll ModifiedTime 2024-09-23 16:53:04
[13380:1] 2025-01-03 15:01:58.262 [0x19E8(183) CxConsoleMonitor::Initialize] [Initialize]
[13380:1] 2025-01-03 15:01:58.263 [0x19E8(183) CxSensorPipeClient::Initialize] [Initialize]
[13380:1] 2025-01-03 15:01:58.264 [0x19E8(0) CxThreadPool::Initialize] Queue init : OutputQue 0, nThreadPoolSize : 1
[13380:1] 2025-01-03 15:01:58.266 [0x19E8(183) CxThreadPool::CreateThreadPool] Create 1 WorkerThread
[13380:1] 2025-01-03 15:01:58.267 [0x19E8(183) CxConsoleMonitor::InstallHook] [InstallHook]
[13380:1] 2025-01-03 15:01:58.269 [0x19E8(126) CxConsoleMonitor::xGetProcAddress] [GET_PROC_ADDR] ReadConsoleW from kernelbase.dll
[13380:1] 2025-01-03 15:01:58.271 [0x19E8(183) CxConsoleMonitor::InstallHook] [INSTALL_HOOK] ReadConsoleW : cmd.exe:13380
[13380:1] 2025-01-03 15:01:58.273 [0x19E8(183) CxConsoleMonitor::xGetProcAddress] [GET_PROC_ADDR] ReadConsoleInputW from kernelbase.dll
[13380:1] 2025-01-03 15:01:58.274 [0x19E8(183) CxConsoleMonitor::InstallHook] [INSTALL_HOOK] RealReadConsoleInputW : cmd.exe:13380
[13380:1] 2025-01-03 15:01:58.276 [0x19E8(183) CxConsoleMonitor::InstallHook] [SUCCESS]
[13380:1] 2025-01-03 15:01:58.277 [0x19E8(183) CxConsoleMonitor::GetCmonProfileInfo] [REQ_CMON_PROFILE] 
[13380:1] 2025-01-03 15:01:58.278 [0x19E8(0) CxConsoleMonitor::Initialize] [/Initialize] SUCCESS
[13380:1] 2025-01-03 15:01:58.280 [0x3538(87) CxThreadPool::ThreadEntry] Worker Thread begins
[13380:1] 2025-01-03 15:01:58.283 [0x3538(1) CxSensorPipeClient::SendJson] [SEND][ReqType:4] {
   "PID" : 13380,
   "ProcPath" : "C:\\Windows\\system32\\cmd.exe",
   "ReqType" : "xSensorRequestType_GetCmonProfile"
}

[13380:1] 2025-01-03 15:01:58.285 [0x3538(183) CxSensorPipeClient::SendJson] [RECV] {
   "MaxConsoleInputLength" : 1000
}

[13380:1] 2025-01-03 15:01:58.286 [0x3538(183) CxConsoleMonitor::PipeResponseCallback] [RES_CALLBACK]
[13380:1] 2025-01-03 15:01:58.287 [0x3538(183) CxConsoleMonitor::PipeResponseCallback] [CMON_PROFILE] MaxConsoleInputLength : 1000
[13380:1] 2025-01-03 15:02:03.482 [0x19E8(126) CxConsoleMonitor::Uninitialize] [Uninitialize]
[13380:1] 2025-01-03 15:02:03.483 [0x19E8(183) CxSensorPipeClient::Uninitialize] [Uninitialize]
[13380:1] 2025-01-03 15:02:03.485 [0x19E8(183) CxSensorPipeClient::Uninitialize] [/Uninitialize]
[13380:1] 2025-01-03 15:02:03.486 [0x19E8(183) CxConsoleMonitor::Uninitialize] [/Uninitialize] SUCCESS
[8308:1] 2025-01-03 15:02:58.258 [0xF5C(5) InitializeLog] [SET_LOGPATH] %programdata%\Geni\Insights\logs\cmon.cmd.exe.log
[8308:1] 2025-01-03 15:02:58.260 [0xF5C(0) CxCommonApi::LogModuleInfo] [MODULE LOADING] ModuleName cmon64.dll, Version [2.0.0.1], ModulePath C:\Program Files\Geni\Insights\temp\cmon64.dll ModifiedTime 2024-09-23 16:53:04
[8308:1] 2025-01-03 15:02:58.262 [0xF5C(183) CxConsoleMonitor::Initialize] [Initialize]
[8308:1] 2025-01-03 15:02:58.263 [0xF5C(183) CxSensorPipeClient::Initialize] [Initialize]
[8308:1] 2025-01-03 15:02:58.264 [0xF5C(0) CxThreadPool::Initialize] Queue init : OutputQue 0, nThreadPoolSize : 1
[8308:1] 2025-01-03 15:02:58.265 [0xF5C(183) CxThreadPool::CreateThreadPool] Create 1 WorkerThread
[8308:1] 2025-01-03 15:02:58.267 [0xF5C(183) CxConsoleMonitor::InstallHook] [InstallHook]
[8308:1] 2025-01-03 15:02:58.269 [0xF5C(126) CxConsoleMonitor::xGetProcAddress] [GET_PROC_ADDR] ReadConsoleW from kernelbase.dll
[8308:1] 2025-01-03 15:02:58.270 [0xF5C(183) CxConsoleMonitor::InstallHook] [INSTALL_HOOK] ReadConsoleW : cmd.exe:8308
[8308:1] 2025-01-03 15:02:58.271 [0xF5C(183) CxConsoleMonitor::xGetProcAddress] [GET_PROC_ADDR] ReadConsoleInputW from kernelbase.dll
[8308:1] 2025-01-03 15:02:58.272 [0xF5C(183) CxConsoleMonitor::InstallHook] [INSTALL_HOOK] RealReadConsoleInputW : cmd.exe:8308
[8308:1] 2025-01-03 15:02:58.274 [0xF5C(183) CxConsoleMonitor::InstallHook] [SUCCESS]
[8308:1] 2025-01-03 15:02:58.275 [0xF5C(183) CxConsoleMonitor::GetCmonProfileInfo] [REQ_CMON_PROFILE] 
[8308:1] 2025-01-03 15:02:58.276 [0xF5C(0) CxConsoleMonitor::Initialize] [/Initialize] SUCCESS
[8308:1] 2025-01-03 15:02:58.278 [0x2EB4(87) CxThreadPool::ThreadEntry] Worker Thread begins
[8308:1] 2025-01-03 15:02:58.282 [0x2EB4(1) CxSensorPipeClient::SendJson] [SEND][ReqType:4] {
   "PID" : 8308,
   "ProcPath" : "C:\\Windows\\system32\\cmd.exe",
   "ReqType" : "xSensorRequestType_GetCmonProfile"
}

[8308:1] 2025-01-03 15:02:58.283 [0x2EB4(183) CxSensorPipeClient::SendJson] [RECV] {
   "MaxConsoleInputLength" : 1000
}

[8308:1] 2025-01-03 15:02:58.284 [0x2EB4(183) CxConsoleMonitor::PipeResponseCallback] [RES_CALLBACK]
[8308:1] 2025-01-03 15:02:58.286 [0x2EB4(183) CxConsoleMonitor::PipeResponseCallback] [CMON_PROFILE] MaxConsoleInputLength : 1000
[8308:1] 2025-01-03 15:03:03.578 [0xF5C(126) CxConsoleMonitor::Uninitialize] [Uninitialize]
[8308:1] 2025-01-03 15:03:03.579 [0xF5C(183) CxSensorPipeClient::Uninitialize] [Uninitialize]
[8308:1] 2025-01-03 15:03:03.580 [0xF5C(183) CxSensorPipeClient::Uninitialize] [/Uninitialize]
[8308:1] 2025-01-03 15:03:03.581 [0xF5C(183) CxConsoleMonitor::Uninitialize] [/Uninitialize] SUCCESS
[10544:1] 2025-01-03 15:03:58.216 [0x1E88(5) InitializeLog] [SET_LOGPATH] %programdata%\Geni\Insights\logs\cmon.cmd.exe.log
[10544:1] 2025-01-03 15:03:58.218 [0x1E88(0) CxCommonApi::LogModuleInfo] [MODULE LOADING] ModuleName cmon64.dll, Version [2.0.0.1], ModulePath C:\Program Files\Geni\Insights\temp\cmon64.dll ModifiedTime 2024-09-23 16:53:04
[10544:1] 2025-01-03 15:03:58.220 [0x1E88(183) CxConsoleMonitor::Initialize] [Initialize]
[10544:1] 2025-01-03 15:03:58.221 [0x1E88(183) CxSensorPipeClient::Initialize] [Initialize]
[10544:1] 2025-01-03 15:03:58.223 [0x1E88(0) CxThreadPool::Initialize] Queue init : OutputQue 0, nThreadPoolSize : 1
[10544:1] 2025-01-03 15:03:58.224 [0x1E88(183) CxThreadPool::CreateThreadPool] Create 1 WorkerThread
[10544:1] 2025-01-03 15:03:58.226 [0x1E88(183) CxConsoleMonitor::InstallHook] [InstallHook]
[10544:1] 2025-01-03 15:03:58.229 [0x1E88(126) CxConsoleMonitor::xGetProcAddress] [GET_PROC_ADDR] ReadConsoleW from kernelbase.dll
[10544:1] 2025-01-03 15:03:58.230 [0x1E88(183) CxConsoleMonitor::InstallHook] [INSTALL_HOOK] ReadConsoleW : cmd.exe:10544
[10544:1] 2025-01-03 15:03:58.231 [0x1E88(183) CxConsoleMonitor::xGetProcAddress] [GET_PROC_ADDR] ReadConsoleInputW from kernelbase.dll
[10544:1] 2025-01-03 15:03:58.232 [0x1E88(183) CxConsoleMonitor::InstallHook] [INSTALL_HOOK] RealReadConsoleInputW : cmd.exe:10544
[10544:1] 2025-01-03 15:03:58.234 [0x1E88(183) CxConsoleMonitor::InstallHook] [SUCCESS]
[10544:1] 2025-01-03 15:03:58.235 [0x1E88(183) CxConsoleMonitor::GetCmonProfileInfo] [REQ_CMON_PROFILE] 
[10544:1] 2025-01-03 15:03:58.237 [0x1E88(0) CxConsoleMonitor::Initialize] [/Initialize] SUCCESS
[10544:1] 2025-01-03 15:03:58.239 [0x1F14(87) CxThreadPool::ThreadEntry] Worker Thread begins
[10544:1] 2025-01-03 15:03:58.243 [0x1F14(1) CxSensorPipeClient::SendJson] [SEND][ReqType:4] {
   "PID" : 10544,
   "ProcPath" : "C:\\Windows\\system32\\cmd.exe",
   "ReqType" : "xSensorRequestType_GetCmonProfile"
}

[10544:1] 2025-01-03 15:03:58.244 [0x1F14(183) CxSensorPipeClient::SendJson] [RECV] {
   "MaxConsoleInputLength" : 1000
}

[10544:1] 2025-01-03 15:03:58.246 [0x1F14(183) CxConsoleMonitor::PipeResponseCallback] [RES_CALLBACK]
[10544:1] 2025-01-03 15:03:58.247 [0x1F14(183) CxConsoleMonitor::PipeResponseCallback] [CMON_PROFILE] MaxConsoleInputLength : 1000
[10544:1] 2025-01-03 15:04:03.833 [0x1E88(126) CxConsoleMonitor::Uninitialize] [Uninitialize]
[10544:1] 2025-01-03 15:04:03.834 [0x1E88(183) CxSensorPipeClient::Uninitialize] [Uninitialize]
[10544:1] 2025-01-03 15:04:03.835 [0x1E88(183) CxSensorPipeClient::Uninitialize] [/Uninitialize]
[10544:1] 2025-01-03 15:04:03.837 [0x1E88(183) CxConsoleMonitor::Uninitialize] [/Uninitialize] SUCCESS
[7484:1] 2025-01-03 15:04:58.270 [0x3404(5) InitializeLog] [SET_LOGPATH] %programdata%\Geni\Insights\logs\cmon.cmd.exe.log
[7484:1] 2025-01-03 15:04:58.272 [0x3404(0) CxCommonApi::LogModuleInfo] [MODULE LOADING] ModuleName cmon64.dll, Version [2.0.0.1], ModulePath C:\Program Files\Geni\Insights\temp\cmon64.dll ModifiedTime 2024-09-23 16:53:04
[7484:1] 2025-01-03 15:04:58.274 [0x3404(183) CxConsoleMonitor::Initialize] [Initialize]
[7484:1] 2025-01-03 15:04:58.275 [0x3404(183) CxSensorPipeClient::Initialize] [Initialize]
[7484:1] 2025-01-03 15:04:58.276 [0x3404(0) CxThreadPool::Initialize] Queue init : OutputQue 0, nThreadPoolSize : 1
[7484:1] 2025-01-03 15:04:58.278 [0x3404(183) CxThreadPool::CreateThreadPool] Create 1 WorkerThread
[7484:1] 2025-01-03 15:04:58.279 [0x3404(183) CxConsoleMonitor::InstallHook] [InstallHook]
[7484:1] 2025-01-03 15:04:58.281 [0x3404(126) CxConsoleMonitor::xGetProcAddress] [GET_PROC_ADDR] ReadConsoleW from kernelbase.dll
[7484:1] 2025-01-03 15:04:58.283 [0x3404(183) CxConsoleMonitor::InstallHook] [INSTALL_HOOK] ReadConsoleW : cmd.exe:7484
[7484:1] 2025-01-03 15:04:58.284 [0x3404(183) CxConsoleMonitor::xGetProcAddress] [GET_PROC_ADDR] ReadConsoleInputW from kernelbase.dll
[7484:1] 2025-01-03 15:04:58.286 [0x3404(183) CxConsoleMonitor::InstallHook] [INSTALL_HOOK] RealReadConsoleInputW : cmd.exe:7484
[7484:1] 2025-01-03 15:04:58.287 [0x3404(183) CxConsoleMonitor::InstallHook] [SUCCESS]
[7484:1] 2025-01-03 15:04:58.289 [0x3404(183) CxConsoleMonitor::GetCmonProfileInfo] [REQ_CMON_PROFILE] 
[7484:1] 2025-01-03 15:04:58.290 [0x3404(0) CxConsoleMonitor::Initialize] [/Initialize] SUCCESS
[7484:1] 2025-01-03 15:04:58.293 [0x36F8(87) CxThreadPool::ThreadEntry] Worker Thread begins
[7484:1] 2025-01-03 15:04:58.296 [0x36F8(1) CxSensorPipeClient::SendJson] [SEND][ReqType:4] {
   "PID" : 7484,
   "ProcPath" : "C:\\Windows\\system32\\cmd.exe",
   "ReqType" : "xSensorRequestType_GetCmonProfile"
}

[7484:1] 2025-01-03 15:04:58.298 [0x36F8(183) CxSensorPipeClient::SendJson] [RECV] {
   "MaxConsoleInputLength" : 1000
}

[7484:1] 2025-01-03 15:04:58.299 [0x36F8(183) CxConsoleMonitor::PipeResponseCallback] [RES_CALLBACK]
[7484:1] 2025-01-03 15:04:58.300 [0x36F8(183) CxConsoleMonitor::PipeResponseCallback] [CMON_PROFILE] MaxConsoleInputLength : 1000
[7484:1] 2025-01-03 15:05:03.747 [0x3404(126) CxConsoleMonitor::Uninitialize] [Uninitialize]
[7484:1] 2025-01-03 15:05:03.748 [0x3404(183) CxSensorPipeClient::Uninitialize] [Uninitialize]
[7484:1] 2025-01-03 15:05:03.749 [0x3404(183) CxSensorPipeClient::Uninitialize] [/Uninitialize]
[7484:1] 2025-01-03 15:05:03.751 [0x3404(183) CxConsoleMonitor::Uninitialize] [/Uninitialize] SUCCESS
[1940:1] 2025-01-03 15:05:58.263 [0x3330(5) InitializeLog] [SET_LOGPATH] %programdata%\Geni\Insights\logs\cmon.cmd.exe.log
[1940:1] 2025-01-03 15:05:58.265 [0x3330(0) CxCommonApi::LogModuleInfo] [MODULE LOADING] ModuleName cmon64.dll, Version [2.0.0.1], ModulePath C:\Program Files\Geni\Insights\temp\cmon64.dll ModifiedTime 2024-09-23 16:53:04
[1940:1] 2025-01-03 15:05:58.266 [0x3330(183) CxConsoleMonitor::Initialize] [Initialize]
[1940:1] 2025-01-03 15:05:58.268 [0x3330(183) CxSensorPipeClient::Initialize] [Initialize]
[1940:1] 2025-01-03 15:05:58.269 [0x3330(0) CxThreadPool::Initialize] Queue init : OutputQue 0, nThreadPoolSize : 1
[1940:1] 2025-01-03 15:05:58.270 [0x3330(183) CxThreadPool::CreateThreadPool] Create 1 WorkerThread
[1940:1] 2025-01-03 15:05:58.271 [0x3330(183) CxConsoleMonitor::InstallHook] [InstallHook]
[1940:1] 2025-01-03 15:05:58.273 [0x3330(126) CxConsoleMonitor::xGetProcAddress] [GET_PROC_ADDR] ReadConsoleW from kernelbase.dll
[1940:1] 2025-01-03 15:05:58.275 [0x3330(183) CxConsoleMonitor::InstallHook] [INSTALL_HOOK] ReadConsoleW : cmd.exe:1940
[1940:1] 2025-01-03 15:05:58.277 [0x3330(183) CxConsoleMonitor::xGetProcAddress] [GET_PROC_ADDR] ReadConsoleInputW from kernelbase.dll
[1940:1] 2025-01-03 15:05:58.278 [0x3330(183) CxConsoleMonitor::InstallHook] [INSTALL_HOOK] RealReadConsoleInputW : cmd.exe:1940
[1940:1] 2025-01-03 15:05:58.279 [0x3330(183) CxConsoleMonitor::InstallHook] [SUCCESS]
[1940:1] 2025-01-03 15:05:58.280 [0x3330(183) CxConsoleMonitor::GetCmonProfileInfo] [REQ_CMON_PROFILE] 
[1940:1] 2025-01-03 15:05:58.282 [0x3330(0) CxConsoleMonitor::Initialize] [/Initialize] SUCCESS
[1940:1] 2025-01-03 15:05:58.284 [0x564(87) CxThreadPool::ThreadEntry] Worker Thread begins
[1940:1] 2025-01-03 15:05:58.288 [0x564(1) CxSensorPipeClient::SendJson] [SEND][ReqType:4] {
   "PID" : 1940,
   "ProcPath" : "C:\\Windows\\system32\\cmd.exe",
   "ReqType" : "xSensorRequestType_GetCmonProfile"
}

[1940:1] 2025-01-03 15:05:58.290 [0x564(183) CxSensorPipeClient::SendJson] [RECV] {
   "MaxConsoleInputLength" : 1000
}

[1940:1] 2025-01-03 15:05:58.291 [0x564(183) CxConsoleMonitor::PipeResponseCallback] [RES_CALLBACK]
[1940:1] 2025-01-03 15:05:58.293 [0x564(183) CxConsoleMonitor::PipeResponseCallback] [CMON_PROFILE] MaxConsoleInputLength : 1000
[1940:1] 2025-01-03 15:06:03.504 [0x3330(126) CxConsoleMonitor::Uninitialize] [Uninitialize]
[1940:1] 2025-01-03 15:06:03.505 [0x3330(183) CxSensorPipeClient::Uninitialize] [Uninitialize]
[1940:1] 2025-01-03 15:06:03.507 [0x3330(183) CxSensorPipeClient::Uninitialize] [/Uninitialize]
[1940:1] 2025-01-03 15:06:03.508 [0x3330(183) CxConsoleMonitor::Uninitialize] [/Uninitialize] SUCCESS
[7384:1] 2025-01-03 15:06:58.238 [0x17D4(5) InitializeLog] [SET_LOGPATH] %programdata%\Geni\Insights\logs\cmon.cmd.exe.log
[7384:1] 2025-01-03 15:06:58.240 [0x17D4(0) CxCommonApi::LogModuleInfo] [MODULE LOADING] ModuleName cmon64.dll, Version [2.0.0.1], ModulePath C:\Program Files\Geni\Insights\temp\cmon64.dll ModifiedTime 2024-09-23 16:53:04
[7384:1] 2025-01-03 15:06:58.242 [0x17D4(183) CxConsoleMonitor::Initialize] [Initialize]
[7384:1] 2025-01-03 15:06:58.244 [0x17D4(183) CxSensorPipeClient::Initialize] [Initialize]
[7384:1] 2025-01-03 15:06:58.245 [0x17D4(0) CxThreadPool::Initialize] Queue init : OutputQue 0, nThreadPoolSize : 1
[7384:1] 2025-01-03 15:06:58.247 [0x17D4(183) CxThreadPool::CreateThreadPool] Create 1 WorkerThread
[7384:1] 2025-01-03 15:06:58.248 [0x17D4(183) CxConsoleMonitor::InstallHook] [InstallHook]
[7384:1] 2025-01-03 15:06:58.250 [0x17D4(126) CxConsoleMonitor::xGetProcAddress] [GET_PROC_ADDR] ReadConsoleW from kernelbase.dll
[7384:1] 2025-01-03 15:06:58.252 [0x17D4(183) CxConsoleMonitor::InstallHook] [INSTALL_HOOK] ReadConsoleW : cmd.exe:7384
[7384:1] 2025-01-03 15:06:58.254 [0x17D4(183) CxConsoleMonitor::xGetProcAddress] [GET_PROC_ADDR] ReadConsoleInputW from kernelbase.dll
[7384:1] 2025-01-03 15:06:58.255 [0x17D4(183) CxConsoleMonitor::InstallHook] [INSTALL_HOOK] RealReadConsoleInputW : cmd.exe:7384
[7384:1] 2025-01-03 15:06:58.256 [0x17D4(183) CxConsoleMonitor::InstallHook] [SUCCESS]
[7384:1] 2025-01-03 15:06:58.257 [0x17D4(183) CxConsoleMonitor::GetCmonProfileInfo] [REQ_CMON_PROFILE] 
[7384:1] 2025-01-03 15:06:58.258 [0x17D4(0) CxConsoleMonitor::Initialize] [/Initialize] SUCCESS
[7384:1] 2025-01-03 15:06:58.261 [0x1D3C(87) CxThreadPool::ThreadEntry] Worker Thread begins
[7384:1] 2025-01-03 15:06:58.265 [0x1D3C(1) CxSensorPipeClient::SendJson] [SEND][ReqType:4] {
   "PID" : 7384,
   "ProcPath" : "C:\\Windows\\system32\\cmd.exe",
   "ReqType" : "xSensorRequestType_GetCmonProfile"
}

[7384:1] 2025-01-03 15:06:58.266 [0x1D3C(183) CxSensorPipeClient::SendJson] [RECV] {
   "MaxConsoleInputLength" : 1000
}

[7384:1] 2025-01-03 15:06:58.267 [0x1D3C(183) CxConsoleMonitor::PipeResponseCallback] [RES_CALLBACK]
[7384:1] 2025-01-03 15:06:58.269 [0x1D3C(183) CxConsoleMonitor::PipeResponseCallback] [CMON_PROFILE] MaxConsoleInputLength : 1000
[7384:1] 2025-01-03 15:07:03.670 [0x17D4(126) CxConsoleMonitor::Uninitialize] [Uninitialize]
[7384:1] 2025-01-03 15:07:03.671 [0x17D4(183) CxSensorPipeClient::Uninitialize] [Uninitialize]
[7384:1] 2025-01-03 15:07:03.673 [0x17D4(183) CxSensorPipeClient::Uninitialize] [/Uninitialize]
[7384:1] 2025-01-03 15:07:03.674 [0x17D4(183) CxConsoleMonitor::Uninitialize] [/Uninitialize] SUCCESS
[8984:1] 2025-01-03 15:07:58.248 [0x1144(5) InitializeLog] [SET_LOGPATH] %programdata%\Geni\Insights\logs\cmon.cmd.exe.log
[8984:1] 2025-01-03 15:07:58.250 [0x1144(0) CxCommonApi::LogModuleInfo] [MODULE LOADING] ModuleName cmon64.dll, Version [2.0.0.1], ModulePath C:\Program Files\Geni\Insights\temp\cmon64.dll ModifiedTime 2024-09-23 16:53:04
[8984:1] 2025-01-03 15:07:58.251 [0x1144(183) CxConsoleMonitor::Initialize] [Initialize]
[8984:1] 2025-01-03 15:07:58.252 [0x1144(183) CxSensorPipeClient::Initialize] [Initialize]
[8984:1] 2025-01-03 15:07:58.254 [0x1144(0) CxThreadPool::Initialize] Queue init : OutputQue 0, nThreadPoolSize : 1
[8984:1] 2025-01-03 15:07:58.255 [0x1144(183) CxThreadPool::CreateThreadPool] Create 1 WorkerThread
[8984:1] 2025-01-03 15:07:58.257 [0x1144(183) CxConsoleMonitor::InstallHook] [InstallHook]
[8984:1] 2025-01-03 15:07:58.259 [0x1144(126) CxConsoleMonitor::xGetProcAddress] [GET_PROC_ADDR] ReadConsoleW from kernelbase.dll
[8984:1] 2025-01-03 15:07:58.261 [0x1144(183) CxConsoleMonitor::InstallHook] [INSTALL_HOOK] ReadConsoleW : cmd.exe:8984
[8984:1] 2025-01-03 15:07:58.262 [0x1144(183) CxConsoleMonitor::xGetProcAddress] [GET_PROC_ADDR] ReadConsoleInputW from kernelbase.dll
[8984:1] 2025-01-03 15:07:58.263 [0x1144(183) CxConsoleMonitor::InstallHook] [INSTALL_HOOK] RealReadConsoleInputW : cmd.exe:8984
[8984:1] 2025-01-03 15:07:58.265 [0x1144(183) CxConsoleMonitor::InstallHook] [SUCCESS]
[8984:1] 2025-01-03 15:07:58.266 [0x1144(183) CxConsoleMonitor::GetCmonProfileInfo] [REQ_CMON_PROFILE] 
[8984:1] 2025-01-03 15:07:58.268 [0x1144(0) CxConsoleMonitor::Initialize] [/Initialize] SUCCESS
[8984:1] 2025-01-03 15:07:58.270 [0xD60(87) CxThreadPool::ThreadEntry] Worker Thread begins
[8984:1] 2025-01-03 15:07:58.273 [0xD60(1) CxSensorPipeClient::SendJson] [SEND][ReqType:4] {
   "PID" : 8984,
   "ProcPath" : "C:\\Windows\\system32\\cmd.exe",
   "ReqType" : "xSensorRequestType_GetCmonProfile"
}

[8984:1] 2025-01-03 15:07:58.275 [0xD60(183) CxSensorPipeClient::SendJson] [RECV] {
   "MaxConsoleInputLength" : 1000
}

[8984:1] 2025-01-03 15:07:58.276 [0xD60(183) CxConsoleMonitor::PipeResponseCallback] [RES_CALLBACK]
[8984:1] 2025-01-03 15:07:58.278 [0xD60(183) CxConsoleMonitor::PipeResponseCallback] [CMON_PROFILE] MaxConsoleInputLength : 1000
[8984:1] 2025-01-03 15:08:03.618 [0x1144(126) CxConsoleMonitor::Uninitialize] [Uninitialize]
[8984:1] 2025-01-03 15:08:03.619 [0x1144(183) CxSensorPipeClient::Uninitialize] [Uninitialize]
[8984:1] 2025-01-03 15:08:03.621 [0x1144(183) CxSensorPipeClient::Uninitialize] [/Uninitialize]
[8984:1] 2025-01-03 15:08:03.622 [0x1144(183) CxConsoleMonitor::Uninitialize] [/Uninitialize] SUCCESS
[11064:1] 2025-01-03 15:08:58.204 [0x2E3C(5) InitializeLog] [SET_LOGPATH] %programdata%\Geni\Insights\logs\cmon.cmd.exe.log
[11064:1] 2025-01-03 15:08:58.206 [0x2E3C(0) CxCommonApi::LogModuleInfo] [MODULE LOADING] ModuleName cmon64.dll, Version [2.0.0.1], ModulePath C:\Program Files\Geni\Insights\temp\cmon64.dll ModifiedTime 2024-09-23 16:53:04
[11064:1] 2025-01-03 15:08:58.207 [0x2E3C(183) CxConsoleMonitor::Initialize] [Initialize]
[11064:1] 2025-01-03 15:08:58.209 [0x2E3C(183) CxSensorPipeClient::Initialize] [Initialize]
[11064:1] 2025-01-03 15:08:58.210 [0x2E3C(0) CxThreadPool::Initialize] Queue init : OutputQue 0, nThreadPoolSize : 1
[11064:1] 2025-01-03 15:08:58.211 [0x2E3C(183) CxThreadPool::CreateThreadPool] Create 1 WorkerThread
[11064:1] 2025-01-03 15:08:58.213 [0x2E3C(183) CxConsoleMonitor::InstallHook] [InstallHook]
[11064:1] 2025-01-03 15:08:58.215 [0x2E3C(126) CxConsoleMonitor::xGetProcAddress] [GET_PROC_ADDR] ReadConsoleW from kernelbase.dll
[11064:1] 2025-01-03 15:08:58.217 [0x2E3C(183) CxConsoleMonitor::InstallHook] [INSTALL_HOOK] ReadConsoleW : cmd.exe:11064
[11064:1] 2025-01-03 15:08:58.218 [0x2E3C(183) CxConsoleMonitor::xGetProcAddress] [GET_PROC_ADDR] ReadConsoleInputW from kernelbase.dll
[11064:1] 2025-01-03 15:08:58.219 [0x2E3C(183) CxConsoleMonitor::InstallHook] [INSTALL_HOOK] RealReadConsoleInputW : cmd.exe:11064
[11064:1] 2025-01-03 15:08:58.221 [0x2E3C(183) CxConsoleMonitor::InstallHook] [SUCCESS]
[11064:1] 2025-01-03 15:08:58.222 [0x2E3C(183) CxConsoleMonitor::GetCmonProfileInfo] [REQ_CMON_PROFILE] 
[11064:1] 2025-01-03 15:08:58.223 [0x2E3C(0) CxConsoleMonitor::Initialize] [/Initialize] SUCCESS
[11064:1] 2025-01-03 15:08:58.226 [0x6E0(87) CxThreadPool::ThreadEntry] Worker Thread begins
[11064:1] 2025-01-03 15:08:58.229 [0x6E0(1) CxSensorPipeClient::SendJson] [SEND][ReqType:4] {
   "PID" : 11064,
   "ProcPath" : "C:\\Windows\\system32\\cmd.exe",
   "ReqType" : "xSensorRequestType_GetCmonProfile"
}

[11064:1] 2025-01-03 15:08:58.231 [0x6E0(183) CxSensorPipeClient::SendJson] [RECV] {
   "MaxConsoleInputLength" : 1000
}

[11064:1] 2025-01-03 15:08:58.232 [0x6E0(183) CxConsoleMonitor::PipeResponseCallback] [RES_CALLBACK]
[11064:1] 2025-01-03 15:08:58.234 [0x6E0(183) CxConsoleMonitor::PipeResponseCallback] [CMON_PROFILE] MaxConsoleInputLength : 1000
[11064:1] 2025-01-03 15:09:03.829 [0x2E3C(126) CxConsoleMonitor::Uninitialize] [Uninitialize]
[11064:1] 2025-01-03 15:09:03.831 [0x2E3C(183) CxSensorPipeClient::Uninitialize] [Uninitialize]
[11064:1] 2025-01-03 15:09:03.832 [0x2E3C(183) CxSensorPipeClient::Uninitialize] [/Uninitialize]
[11064:1] 2025-01-03 15:09:03.833 [0x2E3C(183) CxConsoleMonitor::Uninitialize] [/Uninitialize] SUCCESS
[3204:1] 2025-01-03 15:09:58.241 [0xDA0(5) InitializeLog] [SET_LOGPATH] %programdata%\Geni\Insights\logs\cmon.cmd.exe.log
[3204:1] 2025-01-03 15:09:58.243 [0xDA0(0) CxCommonApi::LogModuleInfo] [MODULE LOADING] ModuleName cmon64.dll, Version [2.0.0.1], ModulePath C:\Program Files\Geni\Insights\temp\cmon64.dll ModifiedTime 2024-09-23 16:53:04
[3204:1] 2025-01-03 15:09:58.243 [0xDA0(183) CxConsoleMonitor::Initialize] [Initialize]
[3204:1] 2025-01-03 15:09:58.246 [0xDA0(183) CxSensorPipeClient::Initialize] [Initialize]
[3204:1] 2025-01-03 15:09:58.247 [0xDA0(0) CxThreadPool::Initialize] Queue init : OutputQue 0, nThreadPoolSize : 1
[3204:1] 2025-01-03 15:09:58.249 [0xDA0(183) CxThreadPool::CreateThreadPool] Create 1 WorkerThread
[3204:1] 2025-01-03 15:09:58.250 [0xDA0(183) CxConsoleMonitor::InstallHook] [InstallHook]
[3204:1] 2025-01-03 15:09:58.252 [0xDA0(126) CxConsoleMonitor::xGetProcAddress] [GET_PROC_ADDR] ReadConsoleW from kernelbase.dll
[3204:1] 2025-01-03 15:09:58.253 [0xDA0(183) CxConsoleMonitor::InstallHook] [INSTALL_HOOK] ReadConsoleW : cmd.exe:3204
[3204:1] 2025-01-03 15:09:58.255 [0xDA0(183) CxConsoleMonitor::xGetProcAddress] [GET_PROC_ADDR] ReadConsoleInputW from kernelbase.dll
[3204:1] 2025-01-03 15:09:58.256 [0xDA0(183) CxConsoleMonitor::InstallHook] [INSTALL_HOOK] RealReadConsoleInputW : cmd.exe:3204
[3204:1] 2025-01-03 15:09:58.258 [0xDA0(183) CxConsoleMonitor::InstallHook] [SUCCESS]
[3204:1] 2025-01-03 15:09:58.259 [0xDA0(183) CxConsoleMonitor::GetCmonProfileInfo] [REQ_CMON_PROFILE] 
[3204:1] 2025-01-03 15:09:58.260 [0xDA0(0) CxConsoleMonitor::Initialize] [/Initialize] SUCCESS
[3204:1] 2025-01-03 15:09:58.263 [0x24B8(87) CxThreadPool::ThreadEntry] Worker Thread begins
[3204:1] 2025-01-03 15:09:58.267 [0x24B8(1) CxSensorPipeClient::SendJson] [SEND][ReqType:4] {
   "PID" : 3204,
   "ProcPath" : "C:\\Windows\\system32\\cmd.exe",
   "ReqType" : "xSensorRequestType_GetCmonProfile"
}

[3204:1] 2025-01-03 15:09:58.269 [0x24B8(183) CxSensorPipeClient::SendJson] [RECV] {
   "MaxConsoleInputLength" : 1000
}

[3204:1] 2025-01-03 15:09:58.271 [0x24B8(183) CxConsoleMonitor::PipeResponseCallback] [RES_CALLBACK]
[3204:1] 2025-01-03 15:09:58.272 [0x24B8(183) CxConsoleMonitor::PipeResponseCallback] [CMON_PROFILE] MaxConsoleInputLength : 1000
[3204:1] 2025-01-03 15:10:03.537 [0xDA0(126) CxConsoleMonitor::Uninitialize] [Uninitialize]
[3204:1] 2025-01-03 15:10:03.538 [0xDA0(183) CxSensorPipeClient::Uninitialize] [Uninitialize]
[3204:1] 2025-01-03 15:10:03.539 [0xDA0(183) CxSensorPipeClient::Uninitialize] [/Uninitialize]
[3204:1] 2025-01-03 15:10:03.541 [0xDA0(183) CxConsoleMonitor::Uninitialize] [/Uninitialize] SUCCESS
[11392:1] 2025-01-03 15:10:58.241 [0x1DE8(5) InitializeLog] [SET_LOGPATH] %programdata%\Geni\Insights\logs\cmon.cmd.exe.log
[11392:1] 2025-01-03 15:10:58.243 [0x1DE8(0) CxCommonApi::LogModuleInfo] [MODULE LOADING] ModuleName cmon64.dll, Version [2.0.0.1], ModulePath C:\Program Files\Geni\Insights\temp\cmon64.dll ModifiedTime 2024-09-23 16:53:04
[11392:1] 2025-01-03 15:10:58.244 [0x1DE8(183) CxConsoleMonitor::Initialize] [Initialize]
[11392:1] 2025-01-03 15:10:58.246 [0x1DE8(183) CxSensorPipeClient::Initialize] [Initialize]
[11392:1] 2025-01-03 15:10:58.247 [0x1DE8(0) CxThreadPool::Initialize] Queue init : OutputQue 0, nThreadPoolSize : 1
[11392:1] 2025-01-03 15:10:58.248 [0x1DE8(183) CxThreadPool::CreateThreadPool] Create 1 WorkerThread
[11392:1] 2025-01-03 15:10:58.249 [0x1DE8(183) CxConsoleMonitor::InstallHook] [InstallHook]
[11392:1] 2025-01-03 15:10:58.252 [0x1DE8(126) CxConsoleMonitor::xGetProcAddress] [GET_PROC_ADDR] ReadConsoleW from kernelbase.dll
[11392:1] 2025-01-03 15:10:58.254 [0x1DE8(183) CxConsoleMonitor::InstallHook] [INSTALL_HOOK] ReadConsoleW : cmd.exe:11392
[11392:1] 2025-01-03 15:10:58.256 [0x1DE8(183) CxConsoleMonitor::xGetProcAddress] [GET_PROC_ADDR] ReadConsoleInputW from kernelbase.dll
[11392:1] 2025-01-03 15:10:58.257 [0x1DE8(183) CxConsoleMonitor::InstallHook] [INSTALL_HOOK] RealReadConsoleInputW : cmd.exe:11392
[11392:1] 2025-01-03 15:10:58.258 [0x1DE8(183) CxConsoleMonitor::InstallHook] [SUCCESS]
[11392:1] 2025-01-03 15:10:58.259 [0x1DE8(183) CxConsoleMonitor::GetCmonProfileInfo] [REQ_CMON_PROFILE] 
[11392:1] 2025-01-03 15:10:58.261 [0x1DE8(0) CxConsoleMonitor::Initialize] [/Initialize] SUCCESS
[11392:1] 2025-01-03 15:10:58.263 [0x22B4(87) CxThreadPool::ThreadEntry] Worker Thread begins
[11392:1] 2025-01-03 15:10:58.266 [0x22B4(1) CxSensorPipeClient::SendJson] [SEND][ReqType:4] {
   "PID" : 11392,
   "ProcPath" : "C:\\Windows\\system32\\cmd.exe",
   "ReqType" : "xSensorRequestType_GetCmonProfile"
}

[11392:1] 2025-01-03 15:10:58.267 [0x22B4(183) CxSensorPipeClient::SendJson] [RECV] {
   "MaxConsoleInputLength" : 1000
}

[11392:1] 2025-01-03 15:10:58.277 [0x22B4(183) CxConsoleMonitor::PipeResponseCallback] [RES_CALLBACK]
[11392:1] 2025-01-03 15:10:58.279 [0x22B4(183) CxConsoleMonitor::PipeResponseCallback] [CMON_PROFILE] MaxConsoleInputLength : 1000
[11392:1] 2025-01-03 15:11:04.224 [0x1DE8(126) CxConsoleMonitor::Uninitialize] [Uninitialize]
[11392:1] 2025-01-03 15:11:04.226 [0x1DE8(183) CxSensorPipeClient::Uninitialize] [Uninitialize]
[11392:1] 2025-01-03 15:11:04.227 [0x1DE8(183) CxSensorPipeClient::Uninitialize] [/Uninitialize]
[11392:1] 2025-01-03 15:11:04.229 [0x1DE8(183) CxConsoleMonitor::Uninitialize] [/Uninitialize] SUCCESS
[8060:1] 2025-01-03 15:11:58.254 [0x2078(5) InitializeLog] [SET_LOGPATH] %programdata%\Geni\Insights\logs\cmon.cmd.exe.log
[8060:1] 2025-01-03 15:11:58.257 [0x2078(0) CxCommonApi::LogModuleInfo] [MODULE LOADING] ModuleName cmon64.dll, Version [2.0.0.1], ModulePath C:\Program Files\Geni\Insights\temp\cmon64.dll ModifiedTime 2024-09-23 16:53:04
[8060:1] 2025-01-03 15:11:58.258 [0x2078(183) CxConsoleMonitor::Initialize] [Initialize]
[8060:1] 2025-01-03 15:11:58.259 [0x2078(183) CxSensorPipeClient::Initialize] [Initialize]
[8060:1] 2025-01-03 15:11:58.261 [0x2078(0) CxThreadPool::Initialize] Queue init : OutputQue 0, nThreadPoolSize : 1
[8060:1] 2025-01-03 15:11:58.262 [0x2078(183) CxThreadPool::CreateThreadPool] Create 1 WorkerThread
[8060:1] 2025-01-03 15:11:58.264 [0x2078(183) CxConsoleMonitor::InstallHook] [InstallHook]
[8060:1] 2025-01-03 15:11:58.266 [0x2078(126) CxConsoleMonitor::xGetProcAddress] [GET_PROC_ADDR] ReadConsoleW from kernelbase.dll
[8060:1] 2025-01-03 15:11:58.268 [0x2078(183) CxConsoleMonitor::InstallHook] [INSTALL_HOOK] ReadConsoleW : cmd.exe:8060
[8060:1] 2025-01-03 15:11:58.269 [0x2078(183) CxConsoleMonitor::xGetProcAddress] [GET_PROC_ADDR] ReadConsoleInputW from kernelbase.dll
[8060:1] 2025-01-03 15:11:58.271 [0x2078(183) CxConsoleMonitor::InstallHook] [INSTALL_HOOK] RealReadConsoleInputW : cmd.exe:8060
[8060:1] 2025-01-03 15:11:58.272 [0x2078(183) CxConsoleMonitor::InstallHook] [SUCCESS]
[8060:1] 2025-01-03 15:11:58.273 [0x2078(183) CxConsoleMonitor::GetCmonProfileInfo] [REQ_CMON_PROFILE] 
[8060:1] 2025-01-03 15:11:58.274 [0x2078(0) CxConsoleMonitor::Initialize] [/Initialize] SUCCESS
[8060:1] 2025-01-03 15:11:58.276 [0x288C(87) CxThreadPool::ThreadEntry] Worker Thread begins
[8060:1] 2025-01-03 15:11:58.279 [0x288C(1) CxSensorPipeClient::SendJson] [SEND][ReqType:4] {
   "PID" : 8060,
   "ProcPath" : "C:\\Windows\\system32\\cmd.exe",
   "ReqType" : "xSensorRequestType_GetCmonProfile"
}

[8060:1] 2025-01-03 15:11:58.281 [0x288C(183) CxSensorPipeClient::SendJson] [RECV] {
   "MaxConsoleInputLength" : 1000
}

[8060:1] 2025-01-03 15:11:58.282 [0x288C(183) CxConsoleMonitor::PipeResponseCallback] [RES_CALLBACK]
[8060:1] 2025-01-03 15:11:58.283 [0x288C(183) CxConsoleMonitor::PipeResponseCallback] [CMON_PROFILE] MaxConsoleInputLength : 1000
[8060:1] 2025-01-03 15:12:03.458 [0x2078(126) CxConsoleMonitor::Uninitialize] [Uninitialize]
[8060:1] 2025-01-03 15:12:03.459 [0x2078(183) CxSensorPipeClient::Uninitialize] [Uninitialize]
[8060:1] 2025-01-03 15:12:03.461 [0x2078(183) CxSensorPipeClient::Uninitialize] [/Uninitialize]
[8060:1] 2025-01-03 15:12:03.462 [0x2078(183) CxConsoleMonitor::Uninitialize] [/Uninitialize] SUCCESS
[3084:1] 2025-01-03 15:12:58.277 [0x2CB0(5) InitializeLog] [SET_LOGPATH] %programdata%\Geni\Insights\logs\cmon.cmd.exe.log
[3084:1] 2025-01-03 15:12:58.279 [0x2CB0(0) CxCommonApi::LogModuleInfo] [MODULE LOADING] ModuleName cmon64.dll, Version [2.0.0.1], ModulePath C:\Program Files\Geni\Insights\temp\cmon64.dll ModifiedTime 2024-09-23 16:53:04
[3084:1] 2025-01-03 15:12:58.281 [0x2CB0(183) CxConsoleMonitor::Initialize] [Initialize]
[3084:1] 2025-01-03 15:12:58.282 [0x2CB0(183) CxSensorPipeClient::Initialize] [Initialize]
[3084:1] 2025-01-03 15:12:58.284 [0x2CB0(0) CxThreadPool::Initialize] Queue init : OutputQue 0, nThreadPoolSize : 1
[3084:1] 2025-01-03 15:12:58.285 [0x2CB0(183) CxThreadPool::CreateThreadPool] Create 1 WorkerThread
[3084:1] 2025-01-03 15:12:58.287 [0x2CB0(183) CxConsoleMonitor::InstallHook] [InstallHook]
[3084:1] 2025-01-03 15:12:58.289 [0x2CB0(126) CxConsoleMonitor::xGetProcAddress] [GET_PROC_ADDR] ReadConsoleW from kernelbase.dll
[3084:1] 2025-01-03 15:12:58.290 [0x2CB0(183) CxConsoleMonitor::InstallHook] [INSTALL_HOOK] ReadConsoleW : cmd.exe:3084
[3084:1] 2025-01-03 15:12:58.292 [0x2CB0(183) CxConsoleMonitor::xGetProcAddress] [GET_PROC_ADDR] ReadConsoleInputW from kernelbase.dll
[3084:1] 2025-01-03 15:12:58.294 [0x2CB0(183) CxConsoleMonitor::InstallHook] [INSTALL_HOOK] RealReadConsoleInputW : cmd.exe:3084
[3084:1] 2025-01-03 15:12:58.295 [0x2CB0(183) CxConsoleMonitor::InstallHook] [SUCCESS]
[3084:1] 2025-01-03 15:12:58.296 [0x2CB0(183) CxConsoleMonitor::GetCmonProfileInfo] [REQ_CMON_PROFILE] 
[3084:1] 2025-01-03 15:12:58.297 [0x2CB0(0) CxConsoleMonitor::Initialize] [/Initialize] SUCCESS
[3084:1] 2025-01-03 15:12:58.300 [0x1D9C(87) CxThreadPool::ThreadEntry] Worker Thread begins
[3084:1] 2025-01-03 15:12:58.305 [0x1D9C(1) CxSensorPipeClient::SendJson] [SEND][ReqType:4] {
   "PID" : 3084,
   "ProcPath" : "C:\\Windows\\system32\\cmd.exe",
   "ReqType" : "xSensorRequestType_GetCmonProfile"
}

[3084:1] 2025-01-03 15:12:58.306 [0x1D9C(183) CxSensorPipeClient::SendJson] [RECV] {
   "MaxConsoleInputLength" : 1000
}

[3084:1] 2025-01-03 15:12:58.308 [0x1D9C(183) CxConsoleMonitor::PipeResponseCallback] [RES_CALLBACK]
[3084:1] 2025-01-03 15:12:58.309 [0x1D9C(183) CxConsoleMonitor::PipeResponseCallback] [CMON_PROFILE] MaxConsoleInputLength : 1000
[3084:1] 2025-01-03 15:13:03.544 [0x2CB0(126) CxConsoleMonitor::Uninitialize] [Uninitialize]
[3084:1] 2025-01-03 15:13:03.545 [0x2CB0(183) CxSensorPipeClient::Uninitialize] [Uninitialize]
[3084:1] 2025-01-03 15:13:03.546 [0x2CB0(183) CxSensorPipeClient::Uninitialize] [/Uninitialize]
[3084:1] 2025-01-03 15:13:03.548 [0x2CB0(183) CxConsoleMonitor::Uninitialize] [/Uninitialize] SUCCESS
[10536:1] 2025-01-03 15:13:58.278 [0x2EC0(5) InitializeLog] [SET_LOGPATH] %programdata%\Geni\Insights\logs\cmon.cmd.exe.log
[10536:1] 2025-01-03 15:13:58.280 [0x2EC0(0) CxCommonApi::LogModuleInfo] [MODULE LOADING] ModuleName cmon64.dll, Version [2.0.0.1], ModulePath C:\Program Files\Geni\Insights\temp\cmon64.dll ModifiedTime 2024-09-23 16:53:04
[10536:1] 2025-01-03 15:13:58.281 [0x2EC0(183) CxConsoleMonitor::Initialize] [Initialize]
[10536:1] 2025-01-03 15:13:58.283 [0x2EC0(183) CxSensorPipeClient::Initialize] [Initialize]
[10536:1] 2025-01-03 15:13:58.284 [0x2EC0(0) CxThreadPool::Initialize] Queue init : OutputQue 0, nThreadPoolSize : 1
[10536:1] 2025-01-03 15:13:58.286 [0x2EC0(183) CxThreadPool::CreateThreadPool] Create 1 WorkerThread
[10536:1] 2025-01-03 15:13:58.288 [0x2EC0(183) CxConsoleMonitor::InstallHook] [InstallHook]
[10536:1] 2025-01-03 15:13:58.292 [0x2EC0(126) CxConsoleMonitor::xGetProcAddress] [GET_PROC_ADDR] ReadConsoleW from kernelbase.dll
[10536:1] 2025-01-03 15:13:58.293 [0x2EC0(183) CxConsoleMonitor::InstallHook] [INSTALL_HOOK] ReadConsoleW : cmd.exe:10536
[10536:1] 2025-01-03 15:13:58.295 [0x2EC0(183) CxConsoleMonitor::xGetProcAddress] [GET_PROC_ADDR] ReadConsoleInputW from kernelbase.dll
[10536:1] 2025-01-03 15:13:58.296 [0x2EC0(183) CxConsoleMonitor::InstallHook] [INSTALL_HOOK] RealReadConsoleInputW : cmd.exe:10536
[10536:1] 2025-01-03 15:13:58.298 [0x2EC0(183) CxConsoleMonitor::InstallHook] [SUCCESS]
[10536:1] 2025-01-03 15:13:58.299 [0x2EC0(183) CxConsoleMonitor::GetCmonProfileInfo] [REQ_CMON_PROFILE] 
[10536:1] 2025-01-03 15:13:58.300 [0x2EC0(0) CxConsoleMonitor::Initialize] [/Initialize] SUCCESS
[10536:1] 2025-01-03 15:13:58.302 [0x30E0(87) CxThreadPool::ThreadEntry] Worker Thread begins
[10536:1] 2025-01-03 15:13:58.305 [0x30E0(1) CxSensorPipeClient::SendJson] [SEND][ReqType:4] {
   "PID" : 10536,
   "ProcPath" : "C:\\Windows\\system32\\cmd.exe",
   "ReqType" : "xSensorRequestType_GetCmonProfile"
}

[10536:1] 2025-01-03 15:13:58.307 [0x30E0(183) CxSensorPipeClient::SendJson] [RECV] {
   "MaxConsoleInputLength" : 1000
}

[10536:1] 2025-01-03 15:13:58.308 [0x30E0(183) CxConsoleMonitor::PipeResponseCallback] [RES_CALLBACK]
[10536:1] 2025-01-03 15:13:58.310 [0x30E0(183) CxConsoleMonitor::PipeResponseCallback] [CMON_PROFILE] MaxConsoleInputLength : 1000
[10536:1] 2025-01-03 15:14:03.510 [0x2EC0(126) CxConsoleMonitor::Uninitialize] [Uninitialize]
[10536:1] 2025-01-03 15:14:03.511 [0x2EC0(183) CxSensorPipeClient::Uninitialize] [Uninitialize]
[10536:1] 2025-01-03 15:14:03.513 [0x2EC0(183) CxSensorPipeClient::Uninitialize] [/Uninitialize]
[10536:1] 2025-01-03 15:14:03.514 [0x2EC0(183) CxConsoleMonitor::Uninitialize] [/Uninitialize] SUCCESS
[8328:1] 2025-01-03 15:14:58.283 [0x15A4(5) InitializeLog] [SET_LOGPATH] %programdata%\Geni\Insights\logs\cmon.cmd.exe.log
[8328:1] 2025-01-03 15:14:58.285 [0x15A4(0) CxCommonApi::LogModuleInfo] [MODULE LOADING] ModuleName cmon64.dll, Version [2.0.0.1], ModulePath C:\Program Files\Geni\Insights\temp\cmon64.dll ModifiedTime 2024-09-23 16:53:04
[8328:1] 2025-01-03 15:14:58.287 [0x15A4(183) CxConsoleMonitor::Initialize] [Initialize]
[8328:1] 2025-01-03 15:14:58.288 [0x15A4(183) CxSensorPipeClient::Initialize] [Initialize]
[8328:1] 2025-01-03 15:14:58.290 [0x15A4(0) CxThreadPool::Initialize] Queue init : OutputQue 0, nThreadPoolSize : 1
[8328:1] 2025-01-03 15:14:58.291 [0x15A4(183) CxThreadPool::CreateThreadPool] Create 1 WorkerThread
[8328:1] 2025-01-03 15:14:58.293 [0x15A4(183) CxConsoleMonitor::InstallHook] [InstallHook]
[8328:1] 2025-01-03 15:14:58.295 [0x15A4(126) CxConsoleMonitor::xGetProcAddress] [GET_PROC_ADDR] ReadConsoleW from kernelbase.dll
[8328:1] 2025-01-03 15:14:58.297 [0x15A4(183) CxConsoleMonitor::InstallHook] [INSTALL_HOOK] ReadConsoleW : cmd.exe:8328
[8328:1] 2025-01-03 15:14:58.298 [0x15A4(183) CxConsoleMonitor::xGetProcAddress] [GET_PROC_ADDR] ReadConsoleInputW from kernelbase.dll
[8328:1] 2025-01-03 15:14:58.300 [0x15A4(183) CxConsoleMonitor::InstallHook] [INSTALL_HOOK] RealReadConsoleInputW : cmd.exe:8328
[8328:1] 2025-01-03 15:14:58.301 [0x15A4(183) CxConsoleMonitor::InstallHook] [SUCCESS]
[8328:1] 2025-01-03 15:14:58.303 [0x15A4(183) CxConsoleMonitor::GetCmonProfileInfo] [REQ_CMON_PROFILE] 
[8328:1] 2025-01-03 15:14:58.304 [0x15A4(0) CxConsoleMonitor::Initialize] [/Initialize] SUCCESS
[8328:1] 2025-01-03 15:14:58.306 [0x2C08(87) CxThreadPool::ThreadEntry] Worker Thread begins
[8328:1] 2025-01-03 15:14:58.310 [0x2C08(1) CxSensorPipeClient::SendJson] [SEND][ReqType:4] {
   "PID" : 8328,
   "ProcPath" : "C:\\Windows\\system32\\cmd.exe",
   "ReqType" : "xSensorRequestType_GetCmonProfile"
}

[8328:1] 2025-01-03 15:14:58.311 [0x2C08(183) CxSensorPipeClient::SendJson] [RECV] {
   "MaxConsoleInputLength" : 1000
}

[8328:1] 2025-01-03 15:14:58.313 [0x2C08(183) CxConsoleMonitor::PipeResponseCallback] [RES_CALLBACK]
[8328:1] 2025-01-03 15:14:58.314 [0x2C08(183) CxConsoleMonitor::PipeResponseCallback] [CMON_PROFILE] MaxConsoleInputLength : 1000
[8328:1] 2025-01-03 15:15:03.983 [0x15A4(126) CxConsoleMonitor::Uninitialize] [Uninitialize]
[8328:1] 2025-01-03 15:15:03.985 [0x15A4(183) CxSensorPipeClient::Uninitialize] [Uninitialize]
[8328:1] 2025-01-03 15:15:03.986 [0x15A4(183) CxSensorPipeClient::Uninitialize] [/Uninitialize]
[8328:1] 2025-01-03 15:15:03.987 [0x15A4(183) CxConsoleMonitor::Uninitialize] [/Uninitialize] SUCCESS
[8800:1] 2025-01-03 15:15:58.270 [0x1244(5) InitializeLog] [SET_LOGPATH] %programdata%\Geni\Insights\logs\cmon.cmd.exe.log
[8800:1] 2025-01-03 15:15:58.273 [0x1244(0) CxCommonApi::LogModuleInfo] [MODULE LOADING] ModuleName cmon64.dll, Version [2.0.0.1], ModulePath C:\Program Files\Geni\Insights\temp\cmon64.dll ModifiedTime 2024-09-23 16:53:04
[8800:1] 2025-01-03 15:15:58.274 [0x1244(183) CxConsoleMonitor::Initialize] [Initialize]
[8800:1] 2025-01-03 15:15:58.276 [0x1244(183) CxSensorPipeClient::Initialize] [Initialize]
[8800:1] 2025-01-03 15:15:58.277 [0x1244(0) CxThreadPool::Initialize] Queue init : OutputQue 0, nThreadPoolSize : 1
[8800:1] 2025-01-03 15:15:58.278 [0x1244(183) CxThreadPool::CreateThreadPool] Create 1 WorkerThread
[8800:1] 2025-01-03 15:15:58.280 [0x1244(183) CxConsoleMonitor::InstallHook] [InstallHook]
[8800:1] 2025-01-03 15:15:58.283 [0x1244(126) CxConsoleMonitor::xGetProcAddress] [GET_PROC_ADDR] ReadConsoleW from kernelbase.dll
[8800:1] 2025-01-03 15:15:58.285 [0x1244(183) CxConsoleMonitor::InstallHook] [INSTALL_HOOK] ReadConsoleW : cmd.exe:8800
[8800:1] 2025-01-03 15:15:58.286 [0x1244(183) CxConsoleMonitor::xGetProcAddress] [GET_PROC_ADDR] ReadConsoleInputW from kernelbase.dll
[8800:1] 2025-01-03 15:15:58.288 [0x1244(183) CxConsoleMonitor::InstallHook] [INSTALL_HOOK] RealReadConsoleInputW : cmd.exe:8800
[8800:1] 2025-01-03 15:15:58.289 [0x1244(183) CxConsoleMonitor::InstallHook] [SUCCESS]
[8800:1] 2025-01-03 15:15:58.290 [0x1244(183) CxConsoleMonitor::GetCmonProfileInfo] [REQ_CMON_PROFILE] 
[8800:1] 2025-01-03 15:15:58.292 [0x1244(0) CxConsoleMonitor::Initialize] [/Initialize] SUCCESS
[8800:1] 2025-01-03 15:15:58.294 [0x1D8C(87) CxThreadPool::ThreadEntry] Worker Thread begins
[8800:1] 2025-01-03 15:15:58.302 [0x1D8C(1) CxSensorPipeClient::SendJson] [SEND][ReqType:4] {
   "PID" : 8800,
   "ProcPath" : "C:\\Windows\\system32\\cmd.exe",
   "ReqType" : "xSensorRequestType_GetCmonProfile"
}

[8800:1] 2025-01-03 15:15:58.304 [0x1D8C(183) CxSensorPipeClient::SendJson] [RECV] {
   "MaxConsoleInputLength" : 1000
}

[8800:1] 2025-01-03 15:15:58.305 [0x1D8C(183) CxConsoleMonitor::PipeResponseCallback] [RES_CALLBACK]
[8800:1] 2025-01-03 15:15:58.306 [0x1D8C(183) CxConsoleMonitor::PipeResponseCallback] [CMON_PROFILE] MaxConsoleInputLength : 1000
[8800:1] 2025-01-03 15:16:03.756 [0x1244(126) CxConsoleMonitor::Uninitialize] [Uninitialize]
[8800:1] 2025-01-03 15:16:03.757 [0x1244(183) CxSensorPipeClient::Uninitialize] [Uninitialize]
[8800:1] 2025-01-03 15:16:03.759 [0x1244(183) CxSensorPipeClient::Uninitialize] [/Uninitialize]
[8800:1] 2025-01-03 15:16:03.760 [0x1244(183) CxConsoleMonitor::Uninitialize] [/Uninitialize] SUCCESS
[10768:1] 2025-01-03 15:16:58.317 [0x31EC(5) InitializeLog] [SET_LOGPATH] %programdata%\Geni\Insights\logs\cmon.cmd.exe.log
[10768:1] 2025-01-03 15:16:58.319 [0x31EC(0) CxCommonApi::LogModuleInfo] [MODULE LOADING] ModuleName cmon64.dll, Version [2.0.0.1], ModulePath C:\Program Files\Geni\Insights\temp\cmon64.dll ModifiedTime 2024-09-23 16:53:04
[10768:1] 2025-01-03 15:16:58.321 [0x31EC(183) CxConsoleMonitor::Initialize] [Initialize]
[10768:1] 2025-01-03 15:16:58.322 [0x31EC(183) CxSensorPipeClient::Initialize] [Initialize]
[10768:1] 2025-01-03 15:16:58.324 [0x31EC(0) CxThreadPool::Initialize] Queue init : OutputQue 0, nThreadPoolSize : 1
[10768:1] 2025-01-03 15:16:58.325 [0x31EC(183) CxThreadPool::CreateThreadPool] Create 1 WorkerThread
[10768:1] 2025-01-03 15:16:58.327 [0x31EC(183) CxConsoleMonitor::InstallHook] [InstallHook]
[10768:1] 2025-01-03 15:16:58.330 [0x31EC(126) CxConsoleMonitor::xGetProcAddress] [GET_PROC_ADDR] ReadConsoleW from kernelbase.dll
[10768:1] 2025-01-03 15:16:58.331 [0x31EC(183) CxConsoleMonitor::InstallHook] [INSTALL_HOOK] ReadConsoleW : cmd.exe:10768
[10768:1] 2025-01-03 15:16:58.333 [0x31EC(183) CxConsoleMonitor::xGetProcAddress] [GET_PROC_ADDR] ReadConsoleInputW from kernelbase.dll
[10768:1] 2025-01-03 15:16:58.335 [0x31EC(183) CxConsoleMonitor::InstallHook] [INSTALL_HOOK] RealReadConsoleInputW : cmd.exe:10768
[10768:1] 2025-01-03 15:16:58.336 [0x31EC(183) CxConsoleMonitor::InstallHook] [SUCCESS]
[10768:1] 2025-01-03 15:16:58.337 [0x31EC(183) CxConsoleMonitor::GetCmonProfileInfo] [REQ_CMON_PROFILE] 
[10768:1] 2025-01-03 15:16:58.339 [0x31EC(0) CxConsoleMonitor::Initialize] [/Initialize] SUCCESS
[10768:1] 2025-01-03 15:16:58.341 [0xC84(87) CxThreadPool::ThreadEntry] Worker Thread begins
[10768:1] 2025-01-03 15:16:58.345 [0xC84(1) CxSensorPipeClient::SendJson] [SEND][ReqType:4] {
   "PID" : 10768,
   "ProcPath" : "C:\\Windows\\system32\\cmd.exe",
   "ReqType" : "xSensorRequestType_GetCmonProfile"
}

[10768:1] 2025-01-03 15:16:58.346 [0xC84(183) CxSensorPipeClient::SendJson] [RECV] {
   "MaxConsoleInputLength" : 1000
}

[10768:1] 2025-01-03 15:16:58.348 [0xC84(183) CxConsoleMonitor::PipeResponseCallback] [RES_CALLBACK]
[10768:1] 2025-01-03 15:16:58.349 [0xC84(183) CxConsoleMonitor::PipeResponseCallback] [CMON_PROFILE] MaxConsoleInputLength : 1000
[10768:1] 2025-01-03 15:17:03.726 [0x31EC(126) CxConsoleMonitor::Uninitialize] [Uninitialize]
[10768:1] 2025-01-03 15:17:03.727 [0x31EC(183) CxSensorPipeClient::Uninitialize] [Uninitialize]
[10768:1] 2025-01-03 15:17:03.729 [0x31EC(183) CxSensorPipeClient::Uninitialize] [/Uninitialize]
[10768:1] 2025-01-03 15:17:03.730 [0x31EC(183) CxConsoleMonitor::Uninitialize] [/Uninitialize] SUCCESS
[5272:1] 2025-01-03 15:33:58.490 [0x664(5) InitializeLog] [SET_LOGPATH] %programdata%\Geni\Insights\logs\cmon.cmd.exe.log
[5272:1] 2025-01-03 15:33:58.493 [0x664(0) CxCommonApi::LogModuleInfo] [MODULE LOADING] ModuleName cmon64.dll, Version [2.0.0.1], ModulePath C:\Program Files\Geni\Insights\temp\cmon64.dll ModifiedTime 2024-09-23 16:53:04
[5272:1] 2025-01-03 15:33:58.494 [0x664(183) CxConsoleMonitor::Initialize] [Initialize]
[5272:1] 2025-01-03 15:33:58.495 [0x664(183) CxSensorPipeClient::Initialize] [Initialize]
[5272:1] 2025-01-03 15:33:58.497 [0x664(0) CxThreadPool::Initialize] Queue init : OutputQue 0, nThreadPoolSize : 1
[5272:1] 2025-01-03 15:33:58.498 [0x664(183) CxThreadPool::CreateThreadPool] Create 1 WorkerThread
[5272:1] 2025-01-03 15:33:58.499 [0x664(183) CxConsoleMonitor::InstallHook] [InstallHook]
[5272:1] 2025-01-03 15:33:58.502 [0x664(126) CxConsoleMonitor::xGetProcAddress] [GET_PROC_ADDR] ReadConsoleW from kernelbase.dll
[5272:1] 2025-01-03 15:33:58.503 [0x664(183) CxConsoleMonitor::InstallHook] [INSTALL_HOOK] ReadConsoleW : cmd.exe:5272
[5272:1] 2025-01-03 15:33:58.504 [0x664(183) CxConsoleMonitor::xGetProcAddress] [GET_PROC_ADDR] ReadConsoleInputW from kernelbase.dll
[5272:1] 2025-01-03 15:33:58.505 [0x664(183) CxConsoleMonitor::InstallHook] [INSTALL_HOOK] RealReadConsoleInputW : cmd.exe:5272
[5272:1] 2025-01-03 15:33:58.507 [0x664(183) CxConsoleMonitor::InstallHook] [SUCCESS]
[5272:1] 2025-01-03 15:33:58.508 [0x664(183) CxConsoleMonitor::GetCmonProfileInfo] [REQ_CMON_PROFILE] 
[5272:1] 2025-01-03 15:33:58.510 [0x664(0) CxConsoleMonitor::Initialize] [/Initialize] SUCCESS
[5272:1] 2025-01-03 15:33:58.511 [0x2B0(87) CxThreadPool::ThreadEntry] Worker Thread begins
[5272:1] 2025-01-03 15:33:58.514 [0x2B0(1) CxSensorPipeClient::SendJson] [SEND][ReqType:4] {
   "PID" : 5272,
   "ProcPath" : "C:\\Windows\\system32\\cmd.exe",
   "ReqType" : "xSensorRequestType_GetCmonProfile"
}

[5272:1] 2025-01-03 15:33:58.516 [0x2B0(183) CxSensorPipeClient::SendJson] [RECV] {
   "MaxConsoleInputLength" : 1000
}

[5272:1] 2025-01-03 15:33:58.517 [0x2B0(183) CxConsoleMonitor::PipeResponseCallback] [RES_CALLBACK]
[5272:1] 2025-01-03 15:33:58.519 [0x2B0(183) CxConsoleMonitor::PipeResponseCallback] [CMON_PROFILE] MaxConsoleInputLength : 1000
[5272:1] 2025-01-03 15:34:04.157 [0x664(126) CxConsoleMonitor::Uninitialize] [Uninitialize]
[5272:1] 2025-01-03 15:34:04.158 [0x664(183) CxSensorPipeClient::Uninitialize] [Uninitialize]
[5272:1] 2025-01-03 15:34:04.160 [0x664(183) CxSensorPipeClient::Uninitialize] [/Uninitialize]
[5272:1] 2025-01-03 15:34:04.161 [0x664(183) CxConsoleMonitor::Uninitialize] [/Uninitialize] SUCCESS
[8876:1] 2025-01-03 15:34:58.427 [0x1D20(5) InitializeLog] [SET_LOGPATH] %programdata%\Geni\Insights\logs\cmon.cmd.exe.log
[8876:1] 2025-01-03 15:34:58.429 [0x1D20(0) CxCommonApi::LogModuleInfo] [MODULE LOADING] ModuleName cmon64.dll, Version [2.0.0.1], ModulePath C:\Program Files\Geni\Insights\temp\cmon64.dll ModifiedTime 2024-09-23 16:53:04
[8876:1] 2025-01-03 15:34:58.431 [0x1D20(183) CxConsoleMonitor::Initialize] [Initialize]
[8876:1] 2025-01-03 15:34:58.432 [0x1D20(183) CxSensorPipeClient::Initialize] [Initialize]
[8876:1] 2025-01-03 15:34:58.433 [0x1D20(0) CxThreadPool::Initialize] Queue init : OutputQue 0, nThreadPoolSize : 1
[8876:1] 2025-01-03 15:34:58.434 [0x1D20(183) CxThreadPool::CreateThreadPool] Create 1 WorkerThread
[8876:1] 2025-01-03 15:34:58.435 [0x1D20(183) CxConsoleMonitor::InstallHook] [InstallHook]
[8876:1] 2025-01-03 15:34:58.438 [0x1D20(126) CxConsoleMonitor::xGetProcAddress] [GET_PROC_ADDR] ReadConsoleW from kernelbase.dll
[8876:1] 2025-01-03 15:34:58.440 [0x1D20(183) CxConsoleMonitor::InstallHook] [INSTALL_HOOK] ReadConsoleW : cmd.exe:8876
[8876:1] 2025-01-03 15:34:58.442 [0x1D20(183) CxConsoleMonitor::xGetProcAddress] [GET_PROC_ADDR] ReadConsoleInputW from kernelbase.dll
[8876:1] 2025-01-03 15:34:58.444 [0x1D20(183) CxConsoleMonitor::InstallHook] [INSTALL_HOOK] RealReadConsoleInputW : cmd.exe:8876
[8876:1] 2025-01-03 15:34:58.446 [0x1D20(183) CxConsoleMonitor::InstallHook] [SUCCESS]
[8876:1] 2025-01-03 15:34:58.447 [0x1D20(183) CxConsoleMonitor::GetCmonProfileInfo] [REQ_CMON_PROFILE] 
[8876:1] 2025-01-03 15:34:58.450 [0x1D20(0) CxConsoleMonitor::Initialize] [/Initialize] SUCCESS
[8876:1] 2025-01-03 15:34:58.453 [0x384(87) CxThreadPool::ThreadEntry] Worker Thread begins
[8876:1] 2025-01-03 15:34:58.458 [0x384(1) CxSensorPipeClient::SendJson] [SEND][ReqType:4] {
   "PID" : 8876,
   "ProcPath" : "C:\\Windows\\system32\\cmd.exe",
   "ReqType" : "xSensorRequestType_GetCmonProfile"
}

[8876:1] 2025-01-03 15:34:58.459 [0x384(183) CxSensorPipeClient::SendJson] [RECV] {
   "MaxConsoleInputLength" : 1000
}

[8876:1] 2025-01-03 15:34:58.461 [0x384(183) CxConsoleMonitor::PipeResponseCallback] [RES_CALLBACK]
[8876:1] 2025-01-03 15:34:58.463 [0x384(183) CxConsoleMonitor::PipeResponseCallback] [CMON_PROFILE] MaxConsoleInputLength : 1000
[8876:1] 2025-01-03 15:35:04.740 [0x1D20(126) CxConsoleMonitor::Uninitialize] [Uninitialize]
[8876:1] 2025-01-03 15:35:04.741 [0x1D20(183) CxSensorPipeClient::Uninitialize] [Uninitialize]
[8876:1] 2025-01-03 15:35:04.742 [0x1D20(183) CxSensorPipeClient::Uninitialize] [/Uninitialize]
[8876:1] 2025-01-03 15:35:04.743 [0x1D20(183) CxConsoleMonitor::Uninitialize] [/Uninitialize] SUCCESS
[12408:1] 2025-01-03 15:35:58.454 [0x2558(5) InitializeLog] [SET_LOGPATH] %programdata%\Geni\Insights\logs\cmon.cmd.exe.log
[12408:1] 2025-01-03 15:35:58.456 [0x2558(0) CxCommonApi::LogModuleInfo] [MODULE LOADING] ModuleName cmon64.dll, Version [2.0.0.1], ModulePath C:\Program Files\Geni\Insights\temp\cmon64.dll ModifiedTime 2024-09-23 16:53:04
[12408:1] 2025-01-03 15:35:58.457 [0x2558(183) CxConsoleMonitor::Initialize] [Initialize]
[12408:1] 2025-01-03 15:35:58.459 [0x2558(183) CxSensorPipeClient::Initialize] [Initialize]
[12408:1] 2025-01-03 15:35:58.460 [0x2558(0) CxThreadPool::Initialize] Queue init : OutputQue 0, nThreadPoolSize : 1
[12408:1] 2025-01-03 15:35:58.461 [0x2558(183) CxThreadPool::CreateThreadPool] Create 1 WorkerThread
[12408:1] 2025-01-03 15:35:58.463 [0x2558(183) CxConsoleMonitor::InstallHook] [InstallHook]
[12408:1] 2025-01-03 15:35:58.465 [0x2558(126) CxConsoleMonitor::xGetProcAddress] [GET_PROC_ADDR] ReadConsoleW from kernelbase.dll
[12408:1] 2025-01-03 15:35:58.466 [0x2558(183) CxConsoleMonitor::InstallHook] [INSTALL_HOOK] ReadConsoleW : cmd.exe:12408
[12408:1] 2025-01-03 15:35:58.468 [0x2558(183) CxConsoleMonitor::xGetProcAddress] [GET_PROC_ADDR] ReadConsoleInputW from kernelbase.dll
[12408:1] 2025-01-03 15:35:58.469 [0x2558(183) CxConsoleMonitor::InstallHook] [INSTALL_HOOK] RealReadConsoleInputW : cmd.exe:12408
[12408:1] 2025-01-03 15:35:58.470 [0x2558(183) CxConsoleMonitor::InstallHook] [SUCCESS]
[12408:1] 2025-01-03 15:35:58.471 [0x2558(183) CxConsoleMonitor::GetCmonProfileInfo] [REQ_CMON_PROFILE] 
[12408:1] 2025-01-03 15:35:58.472 [0x2558(0) CxConsoleMonitor::Initialize] [/Initialize] SUCCESS
[12408:1] 2025-01-03 15:35:58.474 [0x1FD8(87) CxThreadPool::ThreadEntry] Worker Thread begins
[12408:1] 2025-01-03 15:35:58.477 [0x1FD8(1) CxSensorPipeClient::SendJson] [SEND][ReqType:4] {
   "PID" : 12408,
   "ProcPath" : "C:\\Windows\\system32\\cmd.exe",
   "ReqType" : "xSensorRequestType_GetCmonProfile"
}

[12408:1] 2025-01-03 15:35:58.479 [0x1FD8(183) CxSensorPipeClient::SendJson] [RECV] {
   "MaxConsoleInputLength" : 1000
}

[12408:1] 2025-01-03 15:35:58.480 [0x1FD8(183) CxConsoleMonitor::PipeResponseCallback] [RES_CALLBACK]
[12408:1] 2025-01-03 15:35:58.482 [0x1FD8(183) CxConsoleMonitor::PipeResponseCallback] [CMON_PROFILE] MaxConsoleInputLength : 1000
[12408:1] 2025-01-03 15:36:03.420 [0x2558(126) CxConsoleMonitor::Uninitialize] [Uninitialize]
[12408:1] 2025-01-03 15:36:03.422 [0x2558(183) CxSensorPipeClient::Uninitialize] [Uninitialize]
[12408:1] 2025-01-03 15:36:03.423 [0x2558(183) CxSensorPipeClient::Uninitialize] [/Uninitialize]
[12408:1] 2025-01-03 15:36:03.424 [0x2558(183) CxConsoleMonitor::Uninitialize] [/Uninitialize] SUCCESS
[6268:1] 2025-01-03 15:36:58.492 [0x33D0(5) InitializeLog] [SET_LOGPATH] %programdata%\Geni\Insights\logs\cmon.cmd.exe.log
[6268:1] 2025-01-03 15:36:58.494 [0x33D0(0) CxCommonApi::LogModuleInfo] [MODULE LOADING] ModuleName cmon64.dll, Version [2.0.0.1], ModulePath C:\Program Files\Geni\Insights\temp\cmon64.dll ModifiedTime 2024-09-23 16:53:04
[6268:1] 2025-01-03 15:36:58.496 [0x33D0(183) CxConsoleMonitor::Initialize] [Initialize]
[6268:1] 2025-01-03 15:36:58.497 [0x33D0(183) CxSensorPipeClient::Initialize] [Initialize]
[6268:1] 2025-01-03 15:36:58.498 [0x33D0(0) CxThreadPool::Initialize] Queue init : OutputQue 0, nThreadPoolSize : 1
[6268:1] 2025-01-03 15:36:58.499 [0x33D0(183) CxThreadPool::CreateThreadPool] Create 1 WorkerThread
[6268:1] 2025-01-03 15:36:58.501 [0x33D0(183) CxConsoleMonitor::InstallHook] [InstallHook]
[6268:1] 2025-01-03 15:36:58.503 [0x33D0(126) CxConsoleMonitor::xGetProcAddress] [GET_PROC_ADDR] ReadConsoleW from kernelbase.dll
[6268:1] 2025-01-03 15:36:58.505 [0x33D0(183) CxConsoleMonitor::InstallHook] [INSTALL_HOOK] ReadConsoleW : cmd.exe:6268
[6268:1] 2025-01-03 15:36:58.506 [0x33D0(183) CxConsoleMonitor::xGetProcAddress] [GET_PROC_ADDR] ReadConsoleInputW from kernelbase.dll
[6268:1] 2025-01-03 15:36:58.508 [0x33D0(183) CxConsoleMonitor::InstallHook] [INSTALL_HOOK] RealReadConsoleInputW : cmd.exe:6268
[6268:1] 2025-01-03 15:36:58.509 [0x33D0(183) CxConsoleMonitor::InstallHook] [SUCCESS]
[6268:1] 2025-01-03 15:36:58.510 [0x33D0(183) CxConsoleMonitor::GetCmonProfileInfo] [REQ_CMON_PROFILE] 
[6268:1] 2025-01-03 15:36:58.511 [0x33D0(0) CxConsoleMonitor::Initialize] [/Initialize] SUCCESS
[6268:1] 2025-01-03 15:36:58.513 [0xC0C(87) CxThreadPool::ThreadEntry] Worker Thread begins
[6268:1] 2025-01-03 15:36:58.517 [0xC0C(1) CxSensorPipeClient::SendJson] [SEND][ReqType:4] {
   "PID" : 6268,
   "ProcPath" : "C:\\Windows\\system32\\cmd.exe",
   "ReqType" : "xSensorRequestType_GetCmonProfile"
}

[6268:1] 2025-01-03 15:36:58.518 [0xC0C(183) CxSensorPipeClient::SendJson] [RECV] {
   "MaxConsoleInputLength" : 1000
}

[6268:1] 2025-01-03 15:36:58.519 [0xC0C(183) CxConsoleMonitor::PipeResponseCallback] [RES_CALLBACK]
[6268:1] 2025-01-03 15:36:58.521 [0xC0C(183) CxConsoleMonitor::PipeResponseCallback] [CMON_PROFILE] MaxConsoleInputLength : 1000
[6268:1] 2025-01-03 15:37:03.515 [0x33D0(126) CxConsoleMonitor::Uninitialize] [Uninitialize]
[6268:1] 2025-01-03 15:37:03.516 [0x33D0(183) CxSensorPipeClient::Uninitialize] [Uninitialize]
[6268:1] 2025-01-03 15:37:03.517 [0x33D0(183) CxSensorPipeClient::Uninitialize] [/Uninitialize]
[6268:1] 2025-01-03 15:37:03.519 [0x33D0(183) CxConsoleMonitor::Uninitialize] [/Uninitialize] SUCCESS
[2488:1] 2025-01-03 16:53:58.634 [0x1C80(5) InitializeLog] [SET_LOGPATH] %programdata%\Geni\Insights\logs\cmon.cmd.exe.log
[2488:1] 2025-01-03 16:53:58.637 [0x1C80(0) CxCommonApi::LogModuleInfo] [MODULE LOADING] ModuleName cmon64.dll, Version [2.0.0.1], ModulePath C:\Program Files\Geni\Insights\temp\cmon64.dll ModifiedTime 2024-09-23 16:53:04
[2488:1] 2025-01-03 16:53:58.639 [0x1C80(183) CxConsoleMonitor::Initialize] [Initialize]
[2488:1] 2025-01-03 16:53:58.640 [0x1C80(183) CxSensorPipeClient::Initialize] [Initialize]
[2488:1] 2025-01-03 16:53:58.642 [0x1C80(0) CxThreadPool::Initialize] Queue init : OutputQue 0, nThreadPoolSize : 1
[2488:1] 2025-01-03 16:53:58.643 [0x1C80(183) CxThreadPool::CreateThreadPool] Create 1 WorkerThread
[2488:1] 2025-01-03 16:53:58.645 [0x1C80(183) CxConsoleMonitor::InstallHook] [InstallHook]
[2488:1] 2025-01-03 16:53:58.648 [0x1C80(126) CxConsoleMonitor::xGetProcAddress] [GET_PROC_ADDR] ReadConsoleW from kernelbase.dll
[2488:1] 2025-01-03 16:53:58.650 [0x1C80(183) CxConsoleMonitor::InstallHook] [INSTALL_HOOK] ReadConsoleW : cmd.exe:2488
[2488:1] 2025-01-03 16:53:58.651 [0x1C80(183) CxConsoleMonitor::xGetProcAddress] [GET_PROC_ADDR] ReadConsoleInputW from kernelbase.dll
[2488:1] 2025-01-03 16:53:58.653 [0x1C80(183) CxConsoleMonitor::InstallHook] [INSTALL_HOOK] RealReadConsoleInputW : cmd.exe:2488
[2488:1] 2025-01-03 16:53:58.654 [0x1C80(183) CxConsoleMonitor::InstallHook] [SUCCESS]
[2488:1] 2025-01-03 16:53:58.656 [0x1C80(183) CxConsoleMonitor::GetCmonProfileInfo] [REQ_CMON_PROFILE] 
[2488:1] 2025-01-03 16:53:58.658 [0x1C80(0) CxConsoleMonitor::Initialize] [/Initialize] SUCCESS
[2488:1] 2025-01-03 16:53:58.660 [0x31C4(87) CxThreadPool::ThreadEntry] Worker Thread begins
[2488:1] 2025-01-03 16:53:58.663 [0x31C4(1) CxSensorPipeClient::SendJson] [SEND][ReqType:4] {
   "PID" : 2488,
   "ProcPath" : "C:\\Windows\\system32\\cmd.exe",
   "ReqType" : "xSensorRequestType_GetCmonProfile"
}

[2488:1] 2025-01-03 16:53:58.665 [0x31C4(183) CxSensorPipeClient::SendJson] [RECV] {
   "MaxConsoleInputLength" : 1000
}

[2488:1] 2025-01-03 16:53:58.667 [0x31C4(183) CxConsoleMonitor::PipeResponseCallback] [RES_CALLBACK]
[2488:1] 2025-01-03 16:53:58.668 [0x31C4(183) CxConsoleMonitor::PipeResponseCallback] [CMON_PROFILE] MaxConsoleInputLength : 1000
[2488:1] 2025-01-03 16:54:03.946 [0x1C80(126) CxConsoleMonitor::Uninitialize] [Uninitialize]
[2488:1] 2025-01-03 16:54:03.948 [0x1C80(183) CxSensorPipeClient::Uninitialize] [Uninitialize]
[2488:1] 2025-01-03 16:54:03.949 [0x1C80(183) CxSensorPipeClient::Uninitialize] [/Uninitialize]
[2488:1] 2025-01-03 16:54:03.951 [0x1C80(183) CxConsoleMonitor::Uninitialize] [/Uninitialize] SUCCESS
[12164:1] 2025-01-03 16:54:58.848 [0x331C(5) InitializeLog] [SET_LOGPATH] %programdata%\Geni\Insights\logs\cmon.cmd.exe.log
[12164:1] 2025-01-03 16:54:58.851 [0x331C(0) CxCommonApi::LogModuleInfo] [MODULE LOADING] ModuleName cmon64.dll, Version [2.0.0.1], ModulePath C:\Program Files\Geni\Insights\temp\cmon64.dll ModifiedTime 2024-09-23 16:53:04
[12164:1] 2025-01-03 16:54:58.853 [0x331C(183) CxConsoleMonitor::Initialize] [Initialize]
[12164:1] 2025-01-03 16:54:58.855 [0x331C(183) CxSensorPipeClient::Initialize] [Initialize]
[12164:1] 2025-01-03 16:54:58.857 [0x331C(0) CxThreadPool::Initialize] Queue init : OutputQue 0, nThreadPoolSize : 1
[12164:1] 2025-01-03 16:54:58.859 [0x331C(183) CxThreadPool::CreateThreadPool] Create 1 WorkerThread
[12164:1] 2025-01-03 16:54:58.869 [0x331C(183) CxConsoleMonitor::InstallHook] [InstallHook]
[12164:1] 2025-01-03 16:54:58.872 [0x331C(126) CxConsoleMonitor::xGetProcAddress] [GET_PROC_ADDR] ReadConsoleW from kernelbase.dll
[12164:1] 2025-01-03 16:54:58.874 [0x331C(183) CxConsoleMonitor::InstallHook] [INSTALL_HOOK] ReadConsoleW : cmd.exe:12164
[12164:1] 2025-01-03 16:54:58.876 [0x331C(183) CxConsoleMonitor::xGetProcAddress] [GET_PROC_ADDR] ReadConsoleInputW from kernelbase.dll
[12164:1] 2025-01-03 16:54:58.878 [0x331C(183) CxConsoleMonitor::InstallHook] [INSTALL_HOOK] RealReadConsoleInputW : cmd.exe:12164
[12164:1] 2025-01-03 16:54:58.897 [0x331C(183) CxConsoleMonitor::InstallHook] [SUCCESS]
[12164:1] 2025-01-03 16:54:58.899 [0x331C(183) CxConsoleMonitor::GetCmonProfileInfo] [REQ_CMON_PROFILE] 
[12164:1] 2025-01-03 16:54:58.901 [0x331C(0) CxConsoleMonitor::Initialize] [/Initialize] SUCCESS
[12164:1] 2025-01-03 16:54:58.906 [0x39D8(87) CxThreadPool::ThreadEntry] Worker Thread begins
[12164:1] 2025-01-03 16:54:58.910 [0x39D8(1) CxSensorPipeClient::SendJson] [SEND][ReqType:4] {
   "PID" : 12164,
   "ProcPath" : "C:\\Windows\\system32\\cmd.exe",
   "ReqType" : "xSensorRequestType_GetCmonProfile"
}

[12164:1] 2025-01-03 16:54:58.912 [0x39D8(183) CxSensorPipeClient::SendJson] [RECV] {
   "MaxConsoleInputLength" : 1000
}

[12164:1] 2025-01-03 16:54:58.914 [0x39D8(183) CxConsoleMonitor::PipeResponseCallback] [RES_CALLBACK]
[12164:1] 2025-01-03 16:54:58.916 [0x39D8(183) CxConsoleMonitor::PipeResponseCallback] [CMON_PROFILE] MaxConsoleInputLength : 1000
[12308:1] 2025-01-03 16:55:02.559 [0x994(5) InitializeLog] [SET_LOGPATH] %programdata%\Geni\Insights\logs\cmon.cmd.exe.log
[12308:1] 2025-01-03 16:55:02.561 [0x994(0) CxCommonApi::LogModuleInfo] [MODULE LOADING] ModuleName cmon64.dll, Version [2.0.0.1], ModulePath C:\Program Files\Geni\Insights\temp\cmon64.dll ModifiedTime 2024-09-23 16:53:04
[12308:1] 2025-01-03 16:55:02.563 [0x994(183) CxConsoleMonitor::Initialize] [Initialize]
[12308:1] 2025-01-03 16:55:02.565 [0x994(183) CxSensorPipeClient::Initialize] [Initialize]
[12308:1] 2025-01-03 16:55:02.567 [0x994(0) CxThreadPool::Initialize] Queue init : OutputQue 0, nThreadPoolSize : 1
[12308:1] 2025-01-03 16:55:02.569 [0x994(183) CxThreadPool::CreateThreadPool] Create 1 WorkerThread
[12308:1] 2025-01-03 16:55:02.594 [0x994(183) CxConsoleMonitor::InstallHook] [InstallHook]
[12308:1] 2025-01-03 16:55:02.597 [0x994(126) CxConsoleMonitor::xGetProcAddress] [GET_PROC_ADDR] ReadConsoleW from kernelbase.dll
[12308:1] 2025-01-03 16:55:02.599 [0x994(183) CxConsoleMonitor::InstallHook] [INSTALL_HOOK] ReadConsoleW : cmd.exe:12308
[12308:1] 2025-01-03 16:55:02.601 [0x994(183) CxConsoleMonitor::xGetProcAddress] [GET_PROC_ADDR] ReadConsoleInputW from kernelbase.dll
[12308:1] 2025-01-03 16:55:02.603 [0x994(183) CxConsoleMonitor::InstallHook] [INSTALL_HOOK] RealReadConsoleInputW : cmd.exe:12308
[12308:1] 2025-01-03 16:55:02.605 [0x994(183) CxConsoleMonitor::InstallHook] [SUCCESS]
[12308:1] 2025-01-03 16:55:02.631 [0x994(183) CxConsoleMonitor::GetCmonProfileInfo] [REQ_CMON_PROFILE] 
[12308:1] 2025-01-03 16:55:02.633 [0x994(0) CxConsoleMonitor::Initialize] [/Initialize] SUCCESS
[12308:1] 2025-01-03 16:55:02.639 [0x1AA4(87) CxThreadPool::ThreadEntry] Worker Thread begins
[12308:1] 2025-01-03 16:55:02.643 [0x1AA4(1) CxSensorPipeClient::SendJson] [SEND][ReqType:4] {
   "PID" : 12308,
   "ProcPath" : "C:\\Windows\\system32\\cmd.exe",
   "ReqType" : "xSensorRequestType_GetCmonProfile"
}

[12308:1] 2025-01-03 16:55:02.645 [0x1AA4(183) CxSensorPipeClient::SendJson] [RECV] {
   "MaxConsoleInputLength" : 1000
}

[12308:1] 2025-01-03 16:55:02.647 [0x1AA4(183) CxConsoleMonitor::PipeResponseCallback] [RES_CALLBACK]
[12308:1] 2025-01-03 16:55:02.649 [0x1AA4(183) CxConsoleMonitor::PipeResponseCallback] [CMON_PROFILE] MaxConsoleInputLength : 1000
[12308:1] 2025-01-03 16:55:02.754 [0x994(126) CxConsoleMonitor::Uninitialize] [Uninitialize]
[12308:1] 2025-01-03 16:55:02.756 [0x994(183) CxSensorPipeClient::Uninitialize] [Uninitialize]
[12308:1] 2025-01-03 16:55:02.758 [0x994(183) CxSensorPipeClient::Uninitialize] [/Uninitialize]
[12308:1] 2025-01-03 16:55:02.760 [0x994(183) CxConsoleMonitor::Uninitialize] [/Uninitialize] SUCCESS
[14128:1] 2025-01-03 16:55:07.793 [0x2C3C(5) InitializeLog] [SET_LOGPATH] %programdata%\Geni\Insights\logs\cmon.cmd.exe.log
[14128:1] 2025-01-03 16:55:07.796 [0x2C3C(0) CxCommonApi::LogModuleInfo] [MODULE LOADING] ModuleName cmon64.dll, Version [2.0.0.1], ModulePath C:\Program Files\Geni\Insights\temp\cmon64.dll ModifiedTime 2024-09-23 16:53:04
[14128:1] 2025-01-03 16:55:07.798 [0x2C3C(183) CxConsoleMonitor::Initialize] [Initialize]
[14128:1] 2025-01-03 16:55:07.800 [0x2C3C(183) CxSensorPipeClient::Initialize] [Initialize]
[14128:1] 2025-01-03 16:55:07.802 [0x2C3C(0) CxThreadPool::Initialize] Queue init : OutputQue 0, nThreadPoolSize : 1
[14128:1] 2025-01-03 16:55:07.804 [0x2C3C(183) CxThreadPool::CreateThreadPool] Create 1 WorkerThread
[14128:1] 2025-01-03 16:55:07.807 [0x2C3C(183) CxConsoleMonitor::InstallHook] [InstallHook]
[14128:1] 2025-01-03 16:55:07.810 [0x2C3C(126) CxConsoleMonitor::xGetProcAddress] [GET_PROC_ADDR] ReadConsoleW from kernelbase.dll
[14128:1] 2025-01-03 16:55:07.812 [0x2C3C(183) CxConsoleMonitor::InstallHook] [INSTALL_HOOK] ReadConsoleW : cmd.exe:14128
[14128:1] 2025-01-03 16:55:07.814 [0x2C3C(183) CxConsoleMonitor::xGetProcAddress] [GET_PROC_ADDR] ReadConsoleInputW from kernelbase.dll
[14128:1] 2025-01-03 16:55:07.816 [0x2C3C(183) CxConsoleMonitor::InstallHook] [INSTALL_HOOK] RealReadConsoleInputW : cmd.exe:14128
[14128:1] 2025-01-03 16:55:07.818 [0x2C3C(183) CxConsoleMonitor::InstallHook] [SUCCESS]
[14128:1] 2025-01-03 16:55:07.820 [0x2C3C(183) CxConsoleMonitor::GetCmonProfileInfo] [REQ_CMON_PROFILE] 
[14128:1] 2025-01-03 16:55:07.822 [0x2C3C(0) CxConsoleMonitor::Initialize] [/Initialize] SUCCESS
[14128:1] 2025-01-03 16:55:07.846 [0x39A4(87) CxThreadPool::ThreadEntry] Worker Thread begins
[14128:1] 2025-01-03 16:55:07.851 [0x39A4(1) CxSensorPipeClient::SendJson] [SEND][ReqType:4] {
   "PID" : 14128,
   "ProcPath" : "C:\\Windows\\system32\\cmd.exe",
   "ReqType" : "xSensorRequestType_GetCmonProfile"
}

[14128:1] 2025-01-03 16:55:07.853 [0x39A4(183) CxSensorPipeClient::SendJson] [RECV] {
   "MaxConsoleInputLength" : 1000
}

[14128:1] 2025-01-03 16:55:07.855 [0x39A4(183) CxConsoleMonitor::PipeResponseCallback] [RES_CALLBACK]
[14128:1] 2025-01-03 16:55:07.857 [0x39A4(183) CxConsoleMonitor::PipeResponseCallback] [CMON_PROFILE] MaxConsoleInputLength : 1000
[14128:1] 2025-01-03 16:55:07.929 [0x2C3C(126) CxConsoleMonitor::Uninitialize] [Uninitialize]
[14128:1] 2025-01-03 16:55:07.931 [0x2C3C(183) CxSensorPipeClient::Uninitialize] [Uninitialize]
[14128:1] 2025-01-03 16:55:07.933 [0x2C3C(183) CxSensorPipeClient::Uninitialize] [/Uninitialize]
[14128:1] 2025-01-03 16:55:07.935 [0x2C3C(183) CxConsoleMonitor::Uninitialize] [/Uninitialize] SUCCESS
[12164:1] 2025-01-03 16:55:09.102 [0x331C(126) CxConsoleMonitor::Uninitialize] [Uninitialize]
[12164:1] 2025-01-03 16:55:09.104 [0x331C(183) CxSensorPipeClient::Uninitialize] [Uninitialize]
[12164:1] 2025-01-03 16:55:09.106 [0x331C(183) CxSensorPipeClient::Uninitialize] [/Uninitialize]
[12164:1] 2025-01-03 16:55:09.108 [0x331C(183) CxConsoleMonitor::Uninitialize] [/Uninitialize] SUCCESS
[14764:1] 2025-01-03 16:55:58.639 [0x878(5) InitializeLog] [SET_LOGPATH] %programdata%\Geni\Insights\logs\cmon.cmd.exe.log
[14764:1] 2025-01-03 16:55:58.641 [0x878(0) CxCommonApi::LogModuleInfo] [MODULE LOADING] ModuleName cmon64.dll, Version [2.0.0.1], ModulePath C:\Program Files\Geni\Insights\temp\cmon64.dll ModifiedTime 2024-09-23 16:53:04
[14764:1] 2025-01-03 16:55:58.644 [0x878(183) CxConsoleMonitor::Initialize] [Initialize]
[14764:1] 2025-01-03 16:55:58.646 [0x878(183) CxSensorPipeClient::Initialize] [Initialize]
[14764:1] 2025-01-03 16:55:58.647 [0x878(0) CxThreadPool::Initialize] Queue init : OutputQue 0, nThreadPoolSize : 1
[14764:1] 2025-01-03 16:55:58.649 [0x878(183) CxThreadPool::CreateThreadPool] Create 1 WorkerThread
[14764:1] 2025-01-03 16:55:58.652 [0x878(183) CxConsoleMonitor::InstallHook] [InstallHook]
[14764:1] 2025-01-03 16:55:58.655 [0x878(126) CxConsoleMonitor::xGetProcAddress] [GET_PROC_ADDR] ReadConsoleW from kernelbase.dll
[14764:1] 2025-01-03 16:55:58.658 [0x878(183) CxConsoleMonitor::InstallHook] [INSTALL_HOOK] ReadConsoleW : cmd.exe:14764
[14764:1] 2025-01-03 16:55:58.659 [0x878(183) CxConsoleMonitor::xGetProcAddress] [GET_PROC_ADDR] ReadConsoleInputW from kernelbase.dll
[14764:1] 2025-01-03 16:55:58.661 [0x878(183) CxConsoleMonitor::InstallHook] [INSTALL_HOOK] RealReadConsoleInputW : cmd.exe:14764
[14764:1] 2025-01-03 16:55:58.663 [0x878(183) CxConsoleMonitor::InstallHook] [SUCCESS]
[14764:1] 2025-01-03 16:55:58.664 [0x878(183) CxConsoleMonitor::GetCmonProfileInfo] [REQ_CMON_PROFILE] 
[14764:1] 2025-01-03 16:55:58.666 [0x878(0) CxConsoleMonitor::Initialize] [/Initialize] SUCCESS
[14764:1] 2025-01-03 16:55:58.669 [0x1B00(87) CxThreadPool::ThreadEntry] Worker Thread begins
[14764:1] 2025-01-03 16:55:58.674 [0x1B00(1) CxSensorPipeClient::SendJson] [SEND][ReqType:4] {
   "PID" : 14764,
   "ProcPath" : "C:\\Windows\\system32\\cmd.exe",
   "ReqType" : "xSensorRequestType_GetCmonProfile"
}

[14764:1] 2025-01-03 16:55:58.676 [0x1B00(183) CxSensorPipeClient::SendJson] [RECV] {
   "MaxConsoleInputLength" : 1000
}

[14764:1] 2025-01-03 16:55:58.678 [0x1B00(183) CxConsoleMonitor::PipeResponseCallback] [RES_CALLBACK]
[14764:1] 2025-01-03 16:55:58.680 [0x1B00(183) CxConsoleMonitor::PipeResponseCallback] [CMON_PROFILE] MaxConsoleInputLength : 1000
[14764:1] 2025-01-03 16:56:04.686 [0x878(126) CxConsoleMonitor::Uninitialize] [Uninitialize]
[14764:1] 2025-01-03 16:56:04.688 [0x878(183) CxSensorPipeClient::Uninitialize] [Uninitialize]
[14764:1] 2025-01-03 16:56:04.689 [0x878(183) CxSensorPipeClient::Uninitialize] [/Uninitialize]
[14764:1] 2025-01-03 16:56:04.691 [0x878(183) CxConsoleMonitor::Uninitialize] [/Uninitialize] SUCCESS
[15120:1] 2025-01-03 16:56:58.635 [0x17F4(5) InitializeLog] [SET_LOGPATH] %programdata%\Geni\Insights\logs\cmon.cmd.exe.log
[15120:1] 2025-01-03 16:56:58.638 [0x17F4(0) CxCommonApi::LogModuleInfo] [MODULE LOADING] ModuleName cmon64.dll, Version [2.0.0.1], ModulePath C:\Program Files\Geni\Insights\temp\cmon64.dll ModifiedTime 2024-09-23 16:53:04
[15120:1] 2025-01-03 16:56:58.640 [0x17F4(183) CxConsoleMonitor::Initialize] [Initialize]
[15120:1] 2025-01-03 16:56:58.642 [0x17F4(183) CxSensorPipeClient::Initialize] [Initialize]
[15120:1] 2025-01-03 16:56:58.643 [0x17F4(0) CxThreadPool::Initialize] Queue init : OutputQue 0, nThreadPoolSize : 1
[15120:1] 2025-01-03 16:56:58.645 [0x17F4(183) CxThreadPool::CreateThreadPool] Create 1 WorkerThread
[15120:1] 2025-01-03 16:56:58.646 [0x17F4(183) CxConsoleMonitor::InstallHook] [InstallHook]
[15120:1] 2025-01-03 16:56:58.649 [0x17F4(126) CxConsoleMonitor::xGetProcAddress] [GET_PROC_ADDR] ReadConsoleW from kernelbase.dll
[15120:1] 2025-01-03 16:56:58.651 [0x17F4(183) CxConsoleMonitor::InstallHook] [INSTALL_HOOK] ReadConsoleW : cmd.exe:15120
[15120:1] 2025-01-03 16:56:58.652 [0x17F4(183) CxConsoleMonitor::xGetProcAddress] [GET_PROC_ADDR] ReadConsoleInputW from kernelbase.dll
[15120:1] 2025-01-03 16:56:58.653 [0x17F4(183) CxConsoleMonitor::InstallHook] [INSTALL_HOOK] RealReadConsoleInputW : cmd.exe:15120
[15120:1] 2025-01-03 16:56:58.655 [0x17F4(183) CxConsoleMonitor::InstallHook] [SUCCESS]
[15120:1] 2025-01-03 16:56:58.656 [0x17F4(183) CxConsoleMonitor::GetCmonProfileInfo] [REQ_CMON_PROFILE] 
[15120:1] 2025-01-03 16:56:58.658 [0x17F4(0) CxConsoleMonitor::Initialize] [/Initialize] SUCCESS
[15120:1] 2025-01-03 16:56:58.661 [0x12D8(87) CxThreadPool::ThreadEntry] Worker Thread begins
[15120:1] 2025-01-03 16:56:58.664 [0x12D8(1) CxSensorPipeClient::SendJson] [SEND][ReqType:4] {
   "PID" : 15120,
   "ProcPath" : "C:\\Windows\\system32\\cmd.exe",
   "ReqType" : "xSensorRequestType_GetCmonProfile"
}

[15120:1] 2025-01-03 16:56:58.665 [0x12D8(183) CxSensorPipeClient::SendJson] [RECV] {
   "MaxConsoleInputLength" : 1000
}

[15120:1] 2025-01-03 16:56:58.667 [0x12D8(183) CxConsoleMonitor::PipeResponseCallback] [RES_CALLBACK]
[15120:1] 2025-01-03 16:56:58.668 [0x12D8(183) CxConsoleMonitor::PipeResponseCallback] [CMON_PROFILE] MaxConsoleInputLength : 1000
[15120:1] 2025-01-03 16:57:04.111 [0x17F4(126) CxConsoleMonitor::Uninitialize] [Uninitialize]
[15120:1] 2025-01-03 16:57:04.113 [0x17F4(183) CxSensorPipeClient::Uninitialize] [Uninitialize]
[15120:1] 2025-01-03 16:57:04.114 [0x17F4(183) CxSensorPipeClient::Uninitialize] [/Uninitialize]
[15120:1] 2025-01-03 16:57:04.116 [0x17F4(183) CxConsoleMonitor::Uninitialize] [/Uninitialize] SUCCESS
[10352:1] 2025-01-03 16:57:58.650 [0x2E14(5) InitializeLog] [SET_LOGPATH] %programdata%\Geni\Insights\logs\cmon.cmd.exe.log
[10352:1] 2025-01-03 16:57:58.652 [0x2E14(0) CxCommonApi::LogModuleInfo] [MODULE LOADING] ModuleName cmon64.dll, Version [2.0.0.1], ModulePath C:\Program Files\Geni\Insights\temp\cmon64.dll ModifiedTime 2024-09-23 16:53:04
[10352:1] 2025-01-03 16:57:58.654 [0x2E14(183) CxConsoleMonitor::Initialize] [Initialize]
[10352:1] 2025-01-03 16:57:58.656 [0x2E14(183) CxSensorPipeClient::Initialize] [Initialize]
[10352:1] 2025-01-03 16:57:58.657 [0x2E14(0) CxThreadPool::Initialize] Queue init : OutputQue 0, nThreadPoolSize : 1
[10352:1] 2025-01-03 16:57:58.659 [0x2E14(183) CxThreadPool::CreateThreadPool] Create 1 WorkerThread
[10352:1] 2025-01-03 16:57:58.661 [0x2E14(183) CxConsoleMonitor::InstallHook] [InstallHook]
[10352:1] 2025-01-03 16:57:58.664 [0x2E14(126) CxConsoleMonitor::xGetProcAddress] [GET_PROC_ADDR] ReadConsoleW from kernelbase.dll
[10352:1] 2025-01-03 16:57:58.666 [0x2E14(183) CxConsoleMonitor::InstallHook] [INSTALL_HOOK] ReadConsoleW : cmd.exe:10352
[10352:1] 2025-01-03 16:57:58.667 [0x2E14(183) CxConsoleMonitor::xGetProcAddress] [GET_PROC_ADDR] ReadConsoleInputW from kernelbase.dll
[10352:1] 2025-01-03 16:57:58.668 [0x2E14(183) CxConsoleMonitor::InstallHook] [INSTALL_HOOK] RealReadConsoleInputW : cmd.exe:10352
[10352:1] 2025-01-03 16:57:58.669 [0x2E14(183) CxConsoleMonitor::InstallHook] [SUCCESS]
[10352:1] 2025-01-03 16:57:58.670 [0x2E14(183) CxConsoleMonitor::GetCmonProfileInfo] [REQ_CMON_PROFILE] 
[10352:1] 2025-01-03 16:57:58.672 [0x2E14(0) CxConsoleMonitor::Initialize] [/Initialize] SUCCESS
[10352:1] 2025-01-03 16:57:58.674 [0x37F4(87) CxThreadPool::ThreadEntry] Worker Thread begins
[10352:1] 2025-01-03 16:57:58.677 [0x37F4(1) CxSensorPipeClient::SendJson] [SEND][ReqType:4] {
   "PID" : 10352,
   "ProcPath" : "C:\\Windows\\system32\\cmd.exe",
   "ReqType" : "xSensorRequestType_GetCmonProfile"
}

[10352:1] 2025-01-03 16:57:58.679 [0x37F4(183) CxSensorPipeClient::SendJson] [RECV] {
   "MaxConsoleInputLength" : 1000
}

[10352:1] 2025-01-03 16:57:58.681 [0x37F4(183) CxConsoleMonitor::PipeResponseCallback] [RES_CALLBACK]
[10352:1] 2025-01-03 16:57:58.682 [0x37F4(183) CxConsoleMonitor::PipeResponseCallback] [CMON_PROFILE] MaxConsoleInputLength : 1000
[10352:1] 2025-01-03 16:58:04.395 [0x2E14(126) CxConsoleMonitor::Uninitialize] [Uninitialize]
[10352:1] 2025-01-03 16:58:04.396 [0x2E14(183) CxSensorPipeClient::Uninitialize] [Uninitialize]
[10352:1] 2025-01-03 16:58:04.398 [0x2E14(183) CxSensorPipeClient::Uninitialize] [/Uninitialize]
[10352:1] 2025-01-03 16:58:04.399 [0x2E14(183) CxConsoleMonitor::Uninitialize] [/Uninitialize] SUCCESS
[2280:1] 2025-01-03 16:58:58.637 [0x3494(5) InitializeLog] [SET_LOGPATH] %programdata%\Geni\Insights\logs\cmon.cmd.exe.log
[2280:1] 2025-01-03 16:58:58.640 [0x3494(0) CxCommonApi::LogModuleInfo] [MODULE LOADING] ModuleName cmon64.dll, Version [2.0.0.1], ModulePath C:\Program Files\Geni\Insights\temp\cmon64.dll ModifiedTime 2024-09-23 16:53:04
[2280:1] 2025-01-03 16:58:58.642 [0x3494(183) CxConsoleMonitor::Initialize] [Initialize]
[2280:1] 2025-01-03 16:58:58.643 [0x3494(183) CxSensorPipeClient::Initialize] [Initialize]
[2280:1] 2025-01-03 16:58:58.645 [0x3494(0) CxThreadPool::Initialize] Queue init : OutputQue 0, nThreadPoolSize : 1
[2280:1] 2025-01-03 16:58:58.646 [0x3494(183) CxThreadPool::CreateThreadPool] Create 1 WorkerThread
[2280:1] 2025-01-03 16:58:58.648 [0x3494(183) CxConsoleMonitor::InstallHook] [InstallHook]
[2280:1] 2025-01-03 16:58:58.651 [0x3494(126) CxConsoleMonitor::xGetProcAddress] [GET_PROC_ADDR] ReadConsoleW from kernelbase.dll
[2280:1] 2025-01-03 16:58:58.653 [0x3494(183) CxConsoleMonitor::InstallHook] [INSTALL_HOOK] ReadConsoleW : cmd.exe:2280
[2280:1] 2025-01-03 16:58:58.654 [0x3494(183) CxConsoleMonitor::xGetProcAddress] [GET_PROC_ADDR] ReadConsoleInputW from kernelbase.dll
[2280:1] 2025-01-03 16:58:58.656 [0x3494(183) CxConsoleMonitor::InstallHook] [INSTALL_HOOK] RealReadConsoleInputW : cmd.exe:2280
[2280:1] 2025-01-03 16:58:58.657 [0x3494(183) CxConsoleMonitor::InstallHook] [SUCCESS]
[2280:1] 2025-01-03 16:58:58.659 [0x3494(183) CxConsoleMonitor::GetCmonProfileInfo] [REQ_CMON_PROFILE] 
[2280:1] 2025-01-03 16:58:58.660 [0x3494(0) CxConsoleMonitor::Initialize] [/Initialize] SUCCESS
[2280:1] 2025-01-03 16:58:58.663 [0x3A94(87) CxThreadPool::ThreadEntry] Worker Thread begins
[2280:1] 2025-01-03 16:58:58.668 [0x3A94(1) CxSensorPipeClient::SendJson] [SEND][ReqType:4] {
   "PID" : 2280,
   "ProcPath" : "C:\\Windows\\system32\\cmd.exe",
   "ReqType" : "xSensorRequestType_GetCmonProfile"
}

[2280:1] 2025-01-03 16:58:58.670 [0x3A94(183) CxSensorPipeClient::SendJson] [RECV] {
   "MaxConsoleInputLength" : 1000
}

[2280:1] 2025-01-03 16:58:58.671 [0x3A94(183) CxConsoleMonitor::PipeResponseCallback] [RES_CALLBACK]
[2280:1] 2025-01-03 16:58:58.673 [0x3A94(183) CxConsoleMonitor::PipeResponseCallback] [CMON_PROFILE] MaxConsoleInputLength : 1000
[2280:1] 2025-01-03 16:59:04.108 [0x3494(126) CxConsoleMonitor::Uninitialize] [Uninitialize]
[2280:1] 2025-01-03 16:59:04.110 [0x3494(183) CxSensorPipeClient::Uninitialize] [Uninitialize]
[2280:1] 2025-01-03 16:59:04.111 [0x3494(183) CxSensorPipeClient::Uninitialize] [/Uninitialize]
[2280:1] 2025-01-03 16:59:04.113 [0x3494(183) CxConsoleMonitor::Uninitialize] [/Uninitialize] SUCCESS
[12640:1] 2025-01-03 16:59:58.620 [0x3938(5) InitializeLog] [SET_LOGPATH] %programdata%\Geni\Insights\logs\cmon.cmd.exe.log
[12640:1] 2025-01-03 16:59:58.623 [0x3938(0) CxCommonApi::LogModuleInfo] [MODULE LOADING] ModuleName cmon64.dll, Version [2.0.0.1], ModulePath C:\Program Files\Geni\Insights\temp\cmon64.dll ModifiedTime 2024-09-23 16:53:04
[12640:1] 2025-01-03 16:59:58.625 [0x3938(183) CxConsoleMonitor::Initialize] [Initialize]
[12640:1] 2025-01-03 16:59:58.626 [0x3938(183) CxSensorPipeClient::Initialize] [Initialize]
[12640:1] 2025-01-03 16:59:58.627 [0x3938(0) CxThreadPool::Initialize] Queue init : OutputQue 0, nThreadPoolSize : 1
[12640:1] 2025-01-03 16:59:58.629 [0x3938(183) CxThreadPool::CreateThreadPool] Create 1 WorkerThread
[12640:1] 2025-01-03 16:59:58.631 [0x3938(183) CxConsoleMonitor::InstallHook] [InstallHook]
[12640:1] 2025-01-03 16:59:58.633 [0x3938(126) CxConsoleMonitor::xGetProcAddress] [GET_PROC_ADDR] ReadConsoleW from kernelbase.dll
[12640:1] 2025-01-03 16:59:58.634 [0x3938(183) CxConsoleMonitor::InstallHook] [INSTALL_HOOK] ReadConsoleW : cmd.exe:12640
[12640:1] 2025-01-03 16:59:58.636 [0x3938(183) CxConsoleMonitor::xGetProcAddress] [GET_PROC_ADDR] ReadConsoleInputW from kernelbase.dll
[12640:1] 2025-01-03 16:59:58.638 [0x3938(183) CxConsoleMonitor::InstallHook] [INSTALL_HOOK] RealReadConsoleInputW : cmd.exe:12640
[12640:1] 2025-01-03 16:59:58.639 [0x3938(183) CxConsoleMonitor::InstallHook] [SUCCESS]
[12640:1] 2025-01-03 16:59:58.640 [0x3938(183) CxConsoleMonitor::GetCmonProfileInfo] [REQ_CMON_PROFILE] 
[12640:1] 2025-01-03 16:59:58.642 [0x3938(0) CxConsoleMonitor::Initialize] [/Initialize] SUCCESS
[12640:1] 2025-01-03 16:59:58.644 [0x30C(87) CxThreadPool::ThreadEntry] Worker Thread begins
[12640:1] 2025-01-03 16:59:58.649 [0x30C(1) CxSensorPipeClient::SendJson] [SEND][ReqType:4] {
   "PID" : 12640,
   "ProcPath" : "C:\\Windows\\system32\\cmd.exe",
   "ReqType" : "xSensorRequestType_GetCmonProfile"
}

[12640:1] 2025-01-03 16:59:58.651 [0x30C(183) CxSensorPipeClient::SendJson] [RECV] {
   "MaxConsoleInputLength" : 1000
}

[12640:1] 2025-01-03 16:59:58.652 [0x30C(183) CxConsoleMonitor::PipeResponseCallback] [RES_CALLBACK]
[12640:1] 2025-01-03 16:59:58.653 [0x30C(183) CxConsoleMonitor::PipeResponseCallback] [CMON_PROFILE] MaxConsoleInputLength : 1000
[12640:1] 2025-01-03 17:00:03.876 [0x3938(126) CxConsoleMonitor::Uninitialize] [Uninitialize]
[12640:1] 2025-01-03 17:00:03.878 [0x3938(183) CxSensorPipeClient::Uninitialize] [Uninitialize]
[12640:1] 2025-01-03 17:00:03.879 [0x3938(183) CxSensorPipeClient::Uninitialize] [/Uninitialize]
[12640:1] 2025-01-03 17:00:03.880 [0x3938(183) CxConsoleMonitor::Uninitialize] [/Uninitialize] SUCCESS
[14700:1] 2025-01-03 17:00:58.657 [0x39BC(5) InitializeLog] [SET_LOGPATH] %programdata%\Geni\Insights\logs\cmon.cmd.exe.log
[14700:1] 2025-01-03 17:00:58.659 [0x39BC(0) CxCommonApi::LogModuleInfo] [MODULE LOADING] ModuleName cmon64.dll, Version [2.0.0.1], ModulePath C:\Program Files\Geni\Insights\temp\cmon64.dll ModifiedTime 2024-09-23 16:53:04
[14700:1] 2025-01-03 17:00:58.661 [0x39BC(183) CxConsoleMonitor::Initialize] [Initialize]
[14700:1] 2025-01-03 17:00:58.662 [0x39BC(183) CxSensorPipeClient::Initialize] [Initialize]
[14700:1] 2025-01-03 17:00:58.663 [0x39BC(0) CxThreadPool::Initialize] Queue init : OutputQue 0, nThreadPoolSize : 1
[14700:1] 2025-01-03 17:00:58.665 [0x39BC(183) CxThreadPool::CreateThreadPool] Create 1 WorkerThread
[14700:1] 2025-01-03 17:00:58.666 [0x39BC(183) CxConsoleMonitor::InstallHook] [InstallHook]
[14700:1] 2025-01-03 17:00:58.668 [0x39BC(126) CxConsoleMonitor::xGetProcAddress] [GET_PROC_ADDR] ReadConsoleW from kernelbase.dll
[14700:1] 2025-01-03 17:00:58.670 [0x39BC(183) CxConsoleMonitor::InstallHook] [INSTALL_HOOK] ReadConsoleW : cmd.exe:14700
[14700:1] 2025-01-03 17:00:58.671 [0x39BC(183) CxConsoleMonitor::xGetProcAddress] [GET_PROC_ADDR] ReadConsoleInputW from kernelbase.dll
[14700:1] 2025-01-03 17:00:58.673 [0x39BC(183) CxConsoleMonitor::InstallHook] [INSTALL_HOOK] RealReadConsoleInputW : cmd.exe:14700
[14700:1] 2025-01-03 17:00:58.674 [0x39BC(183) CxConsoleMonitor::InstallHook] [SUCCESS]
[14700:1] 2025-01-03 17:00:58.676 [0x39BC(183) CxConsoleMonitor::GetCmonProfileInfo] [REQ_CMON_PROFILE] 
[14700:1] 2025-01-03 17:00:58.677 [0x39BC(0) CxConsoleMonitor::Initialize] [/Initialize] SUCCESS
[14700:1] 2025-01-03 17:00:58.680 [0x834(87) CxThreadPool::ThreadEntry] Worker Thread begins
[14700:1] 2025-01-03 17:00:58.683 [0x834(1) CxSensorPipeClient::SendJson] [SEND][ReqType:4] {
   "PID" : 14700,
   "ProcPath" : "C:\\Windows\\system32\\cmd.exe",
   "ReqType" : "xSensorRequestType_GetCmonProfile"
}

[14700:1] 2025-01-03 17:00:58.684 [0x834(183) CxSensorPipeClient::SendJson] [RECV] {
   "MaxConsoleInputLength" : 1000
}

[14700:1] 2025-01-03 17:00:58.685 [0x834(183) CxConsoleMonitor::PipeResponseCallback] [RES_CALLBACK]
[14700:1] 2025-01-03 17:00:58.687 [0x834(183) CxConsoleMonitor::PipeResponseCallback] [CMON_PROFILE] MaxConsoleInputLength : 1000
[14700:1] 2025-01-03 17:01:03.878 [0x39BC(126) CxConsoleMonitor::Uninitialize] [Uninitialize]
[14700:1] 2025-01-03 17:01:03.880 [0x39BC(183) CxSensorPipeClient::Uninitialize] [Uninitialize]
[14700:1] 2025-01-03 17:01:03.881 [0x39BC(183) CxSensorPipeClient::Uninitialize] [/Uninitialize]
[14700:1] 2025-01-03 17:01:03.883 [0x39BC(183) CxConsoleMonitor::Uninitialize] [/Uninitialize] SUCCESS
[8816:1] 2025-01-03 17:01:58.626 [0xE68(5) InitializeLog] [SET_LOGPATH] %programdata%\Geni\Insights\logs\cmon.cmd.exe.log
[8816:1] 2025-01-03 17:01:58.629 [0xE68(0) CxCommonApi::LogModuleInfo] [MODULE LOADING] ModuleName cmon64.dll, Version [2.0.0.1], ModulePath C:\Program Files\Geni\Insights\temp\cmon64.dll ModifiedTime 2024-09-23 16:53:04
[8816:1] 2025-01-03 17:01:58.631 [0xE68(183) CxConsoleMonitor::Initialize] [Initialize]
[8816:1] 2025-01-03 17:01:58.632 [0xE68(183) CxSensorPipeClient::Initialize] [Initialize]
[8816:1] 2025-01-03 17:01:58.633 [0xE68(0) CxThreadPool::Initialize] Queue init : OutputQue 0, nThreadPoolSize : 1
[8816:1] 2025-01-03 17:01:58.635 [0xE68(183) CxThreadPool::CreateThreadPool] Create 1 WorkerThread
[8816:1] 2025-01-03 17:01:58.636 [0xE68(183) CxConsoleMonitor::InstallHook] [InstallHook]
[8816:1] 2025-01-03 17:01:58.638 [0xE68(126) CxConsoleMonitor::xGetProcAddress] [GET_PROC_ADDR] ReadConsoleW from kernelbase.dll
[8816:1] 2025-01-03 17:01:58.640 [0xE68(183) CxConsoleMonitor::InstallHook] [INSTALL_HOOK] ReadConsoleW : cmd.exe:8816
[8816:1] 2025-01-03 17:01:58.641 [0xE68(183) CxConsoleMonitor::xGetProcAddress] [GET_PROC_ADDR] ReadConsoleInputW from kernelbase.dll
[8816:1] 2025-01-03 17:01:58.643 [0xE68(183) CxConsoleMonitor::InstallHook] [INSTALL_HOOK] RealReadConsoleInputW : cmd.exe:8816
[8816:1] 2025-01-03 17:01:58.644 [0xE68(183) CxConsoleMonitor::InstallHook] [SUCCESS]
[8816:1] 2025-01-03 17:01:58.646 [0xE68(183) CxConsoleMonitor::GetCmonProfileInfo] [REQ_CMON_PROFILE] 
[8816:1] 2025-01-03 17:01:58.647 [0xE68(0) CxConsoleMonitor::Initialize] [/Initialize] SUCCESS
[8816:1] 2025-01-03 17:01:58.649 [0x3810(87) CxThreadPool::ThreadEntry] Worker Thread begins
[8816:1] 2025-01-03 17:01:58.653 [0x3810(1) CxSensorPipeClient::SendJson] [SEND][ReqType:4] {
   "PID" : 8816,
   "ProcPath" : "C:\\Windows\\system32\\cmd.exe",
   "ReqType" : "xSensorRequestType_GetCmonProfile"
}

[8816:1] 2025-01-03 17:01:58.655 [0x3810(183) CxSensorPipeClient::SendJson] [RECV] {
   "MaxConsoleInputLength" : 1000
}

[8816:1] 2025-01-03 17:01:58.656 [0x3810(183) CxConsoleMonitor::PipeResponseCallback] [RES_CALLBACK]
[8816:1] 2025-01-03 17:01:58.658 [0x3810(183) CxConsoleMonitor::PipeResponseCallback] [CMON_PROFILE] MaxConsoleInputLength : 1000
[8816:1] 2025-01-03 17:02:03.933 [0xE68(126) CxConsoleMonitor::Uninitialize] [Uninitialize]
[8816:1] 2025-01-03 17:02:03.935 [0xE68(183) CxSensorPipeClient::Uninitialize] [Uninitialize]
[8816:1] 2025-01-03 17:02:03.936 [0xE68(183) CxSensorPipeClient::Uninitialize] [/Uninitialize]
[8816:1] 2025-01-03 17:02:03.937 [0xE68(183) CxConsoleMonitor::Uninitialize] [/Uninitialize] SUCCESS
[4388:1] 2025-01-03 17:02:58.625 [0x346C(5) InitializeLog] [SET_LOGPATH] %programdata%\Geni\Insights\logs\cmon.cmd.exe.log
[4388:1] 2025-01-03 17:02:58.627 [0x346C(0) CxCommonApi::LogModuleInfo] [MODULE LOADING] ModuleName cmon64.dll, Version [2.0.0.1], ModulePath C:\Program Files\Geni\Insights\temp\cmon64.dll ModifiedTime 2024-09-23 16:53:04
[4388:1] 2025-01-03 17:02:58.629 [0x346C(183) CxConsoleMonitor::Initialize] [Initialize]
[4388:1] 2025-01-03 17:02:58.630 [0x346C(183) CxSensorPipeClient::Initialize] [Initialize]
[4388:1] 2025-01-03 17:02:58.632 [0x346C(0) CxThreadPool::Initialize] Queue init : OutputQue 0, nThreadPoolSize : 1
[4388:1] 2025-01-03 17:02:58.633 [0x346C(183) CxThreadPool::CreateThreadPool] Create 1 WorkerThread
[4388:1] 2025-01-03 17:02:58.635 [0x346C(183) CxConsoleMonitor::InstallHook] [InstallHook]
[4388:1] 2025-01-03 17:02:58.637 [0x346C(126) CxConsoleMonitor::xGetProcAddress] [GET_PROC_ADDR] ReadConsoleW from kernelbase.dll
[4388:1] 2025-01-03 17:02:58.638 [0x346C(183) CxConsoleMonitor::InstallHook] [INSTALL_HOOK] ReadConsoleW : cmd.exe:4388
[4388:1] 2025-01-03 17:02:58.640 [0x346C(183) CxConsoleMonitor::xGetProcAddress] [GET_PROC_ADDR] ReadConsoleInputW from kernelbase.dll
[4388:1] 2025-01-03 17:02:58.641 [0x346C(183) CxConsoleMonitor::InstallHook] [INSTALL_HOOK] RealReadConsoleInputW : cmd.exe:4388
[4388:1] 2025-01-03 17:02:58.643 [0x346C(183) CxConsoleMonitor::InstallHook] [SUCCESS]
[4388:1] 2025-01-03 17:02:58.644 [0x346C(183) CxConsoleMonitor::GetCmonProfileInfo] [REQ_CMON_PROFILE] 
[4388:1] 2025-01-03 17:02:58.645 [0x346C(0) CxConsoleMonitor::Initialize] [/Initialize] SUCCESS
[4388:1] 2025-01-03 17:02:58.648 [0xC30(87) CxThreadPool::ThreadEntry] Worker Thread begins
[4388:1] 2025-01-03 17:02:58.651 [0xC30(1) CxSensorPipeClient::SendJson] [SEND][ReqType:4] {
   "PID" : 4388,
   "ProcPath" : "C:\\Windows\\system32\\cmd.exe",
   "ReqType" : "xSensorRequestType_GetCmonProfile"
}

[4388:1] 2025-01-03 17:02:58.653 [0xC30(183) CxSensorPipeClient::SendJson] [RECV] {
   "MaxConsoleInputLength" : 1000
}

[4388:1] 2025-01-03 17:02:58.655 [0xC30(183) CxConsoleMonitor::PipeResponseCallback] [RES_CALLBACK]
[4388:1] 2025-01-03 17:02:58.657 [0xC30(183) CxConsoleMonitor::PipeResponseCallback] [CMON_PROFILE] MaxConsoleInputLength : 1000
[4388:1] 2025-01-03 17:03:03.764 [0x346C(126) CxConsoleMonitor::Uninitialize] [Uninitialize]
[4388:1] 2025-01-03 17:03:03.766 [0x346C(183) CxSensorPipeClient::Uninitialize] [Uninitialize]
[4388:1] 2025-01-03 17:03:03.767 [0x346C(183) CxSensorPipeClient::Uninitialize] [/Uninitialize]
[4388:1] 2025-01-03 17:03:03.769 [0x346C(183) CxConsoleMonitor::Uninitialize] [/Uninitialize] SUCCESS
[5872:1] 2025-01-03 17:03:58.629 [0x3AC4(5) InitializeLog] [SET_LOGPATH] %programdata%\Geni\Insights\logs\cmon.cmd.exe.log
[5872:1] 2025-01-03 17:03:58.631 [0x3AC4(0) CxCommonApi::LogModuleInfo] [MODULE LOADING] ModuleName cmon64.dll, Version [2.0.0.1], ModulePath C:\Program Files\Geni\Insights\temp\cmon64.dll ModifiedTime 2024-09-23 16:53:04
[5872:1] 2025-01-03 17:03:58.633 [0x3AC4(183) CxConsoleMonitor::Initialize] [Initialize]
[5872:1] 2025-01-03 17:03:58.634 [0x3AC4(183) CxSensorPipeClient::Initialize] [Initialize]
[5872:1] 2025-01-03 17:03:58.635 [0x3AC4(0) CxThreadPool::Initialize] Queue init : OutputQue 0, nThreadPoolSize : 1
[5872:1] 2025-01-03 17:03:58.637 [0x3AC4(183) CxThreadPool::CreateThreadPool] Create 1 WorkerThread
[5872:1] 2025-01-03 17:03:58.638 [0x3AC4(183) CxConsoleMonitor::InstallHook] [InstallHook]
[5872:1] 2025-01-03 17:03:58.640 [0x3AC4(126) CxConsoleMonitor::xGetProcAddress] [GET_PROC_ADDR] ReadConsoleW from kernelbase.dll
[5872:1] 2025-01-03 17:03:58.642 [0x3AC4(183) CxConsoleMonitor::InstallHook] [INSTALL_HOOK] ReadConsoleW : cmd.exe:5872
[5872:1] 2025-01-03 17:03:58.643 [0x3AC4(183) CxConsoleMonitor::xGetProcAddress] [GET_PROC_ADDR] ReadConsoleInputW from kernelbase.dll
[5872:1] 2025-01-03 17:03:58.645 [0x3AC4(183) CxConsoleMonitor::InstallHook] [INSTALL_HOOK] RealReadConsoleInputW : cmd.exe:5872
[5872:1] 2025-01-03 17:03:58.646 [0x3AC4(183) CxConsoleMonitor::InstallHook] [SUCCESS]
[5872:1] 2025-01-03 17:03:58.648 [0x3AC4(183) CxConsoleMonitor::GetCmonProfileInfo] [REQ_CMON_PROFILE] 
[5872:1] 2025-01-03 17:03:58.649 [0x3AC4(0) CxConsoleMonitor::Initialize] [/Initialize] SUCCESS
[5872:1] 2025-01-03 17:03:58.652 [0x3314(87) CxThreadPool::ThreadEntry] Worker Thread begins
[5872:1] 2025-01-03 17:03:58.655 [0x3314(1) CxSensorPipeClient::SendJson] [SEND][ReqType:4] {
   "PID" : 5872,
   "ProcPath" : "C:\\Windows\\system32\\cmd.exe",
   "ReqType" : "xSensorRequestType_GetCmonProfile"
}

[5872:1] 2025-01-03 17:03:58.657 [0x3314(183) CxSensorPipeClient::SendJson] [RECV] {
   "MaxConsoleInputLength" : 1000
}

[5872:1] 2025-01-03 17:03:58.658 [0x3314(183) CxConsoleMonitor::PipeResponseCallback] [RES_CALLBACK]
[5872:1] 2025-01-03 17:03:58.660 [0x3314(183) CxConsoleMonitor::PipeResponseCallback] [CMON_PROFILE] MaxConsoleInputLength : 1000
[5872:1] 2025-01-03 17:04:03.852 [0x3AC4(126) CxConsoleMonitor::Uninitialize] [Uninitialize]
[5872:1] 2025-01-03 17:04:03.853 [0x3AC4(183) CxSensorPipeClient::Uninitialize] [Uninitialize]
[5872:1] 2025-01-03 17:04:03.855 [0x3AC4(183) CxSensorPipeClient::Uninitialize] [/Uninitialize]
[5872:1] 2025-01-03 17:04:03.856 [0x3AC4(183) CxConsoleMonitor::Uninitialize] [/Uninitialize] SUCCESS
[13868:1] 2025-01-03 17:04:58.633 [0x3B6C(5) InitializeLog] [SET_LOGPATH] %programdata%\Geni\Insights\logs\cmon.cmd.exe.log
[13868:1] 2025-01-03 17:04:58.636 [0x3B6C(0) CxCommonApi::LogModuleInfo] [MODULE LOADING] ModuleName cmon64.dll, Version [2.0.0.1], ModulePath C:\Program Files\Geni\Insights\temp\cmon64.dll ModifiedTime 2024-09-23 16:53:04
[13868:1] 2025-01-03 17:04:58.637 [0x3B6C(183) CxConsoleMonitor::Initialize] [Initialize]
[13868:1] 2025-01-03 17:04:58.638 [0x3B6C(183) CxSensorPipeClient::Initialize] [Initialize]
[13868:1] 2025-01-03 17:04:58.640 [0x3B6C(0) CxThreadPool::Initialize] Queue init : OutputQue 0, nThreadPoolSize : 1
[13868:1] 2025-01-03 17:04:58.641 [0x3B6C(183) CxThreadPool::CreateThreadPool] Create 1 WorkerThread
[13868:1] 2025-01-03 17:04:58.643 [0x3B6C(183) CxConsoleMonitor::InstallHook] [InstallHook]
[13868:1] 2025-01-03 17:04:58.645 [0x3B6C(126) CxConsoleMonitor::xGetProcAddress] [GET_PROC_ADDR] ReadConsoleW from kernelbase.dll
[13868:1] 2025-01-03 17:04:58.646 [0x3B6C(183) CxConsoleMonitor::InstallHook] [INSTALL_HOOK] ReadConsoleW : cmd.exe:13868
[13868:1] 2025-01-03 17:04:58.647 [0x3B6C(183) CxConsoleMonitor::xGetProcAddress] [GET_PROC_ADDR] ReadConsoleInputW from kernelbase.dll
[13868:1] 2025-01-03 17:04:58.649 [0x3B6C(183) CxConsoleMonitor::InstallHook] [INSTALL_HOOK] RealReadConsoleInputW : cmd.exe:13868
[13868:1] 2025-01-03 17:04:58.650 [0x3B6C(183) CxConsoleMonitor::InstallHook] [SUCCESS]
[13868:1] 2025-01-03 17:04:58.652 [0x3B6C(183) CxConsoleMonitor::GetCmonProfileInfo] [REQ_CMON_PROFILE] 
[13868:1] 2025-01-03 17:04:58.653 [0x3B6C(0) CxConsoleMonitor::Initialize] [/Initialize] SUCCESS
[13868:1] 2025-01-03 17:04:58.655 [0x259C(87) CxThreadPool::ThreadEntry] Worker Thread begins
[13868:1] 2025-01-03 17:04:58.659 [0x259C(1) CxSensorPipeClient::SendJson] [SEND][ReqType:4] {
   "PID" : 13868,
   "ProcPath" : "C:\\Windows\\system32\\cmd.exe",
   "ReqType" : "xSensorRequestType_GetCmonProfile"
}

[13868:1] 2025-01-03 17:04:58.661 [0x259C(183) CxSensorPipeClient::SendJson] [RECV] {
   "MaxConsoleInputLength" : 1000
}

[13868:1] 2025-01-03 17:04:58.663 [0x259C(183) CxConsoleMonitor::PipeResponseCallback] [RES_CALLBACK]
[13868:1] 2025-01-03 17:04:58.664 [0x259C(183) CxConsoleMonitor::PipeResponseCallback] [CMON_PROFILE] MaxConsoleInputLength : 1000
[13868:1] 2025-01-03 17:05:03.935 [0x3B6C(126) CxConsoleMonitor::Uninitialize] [Uninitialize]
[13868:1] 2025-01-03 17:05:03.936 [0x3B6C(183) CxSensorPipeClient::Uninitialize] [Uninitialize]
[13868:1] 2025-01-03 17:05:03.938 [0x3B6C(183) CxSensorPipeClient::Uninitialize] [/Uninitialize]
[13868:1] 2025-01-03 17:05:03.939 [0x3B6C(183) CxConsoleMonitor::Uninitialize] [/Uninitialize] SUCCESS
[6412:1] 2025-01-03 17:05:58.628 [0x2D1C(5) InitializeLog] [SET_LOGPATH] %programdata%\Geni\Insights\logs\cmon.cmd.exe.log
[6412:1] 2025-01-03 17:05:58.630 [0x2D1C(0) CxCommonApi::LogModuleInfo] [MODULE LOADING] ModuleName cmon64.dll, Version [2.0.0.1], ModulePath C:\Program Files\Geni\Insights\temp\cmon64.dll ModifiedTime 2024-09-23 16:53:04
[6412:1] 2025-01-03 17:05:58.632 [0x2D1C(183) CxConsoleMonitor::Initialize] [Initialize]
[6412:1] 2025-01-03 17:05:58.633 [0x2D1C(183) CxSensorPipeClient::Initialize] [Initialize]
[6412:1] 2025-01-03 17:05:58.635 [0x2D1C(0) CxThreadPool::Initialize] Queue init : OutputQue 0, nThreadPoolSize : 1
[6412:1] 2025-01-03 17:05:58.636 [0x2D1C(183) CxThreadPool::CreateThreadPool] Create 1 WorkerThread
[6412:1] 2025-01-03 17:05:58.638 [0x2D1C(183) CxConsoleMonitor::InstallHook] [InstallHook]
[6412:1] 2025-01-03 17:05:58.640 [0x2D1C(126) CxConsoleMonitor::xGetProcAddress] [GET_PROC_ADDR] ReadConsoleW from kernelbase.dll
[6412:1] 2025-01-03 17:05:58.641 [0x2D1C(183) CxConsoleMonitor::InstallHook] [INSTALL_HOOK] ReadConsoleW : cmd.exe:6412
[6412:1] 2025-01-03 17:05:58.642 [0x2D1C(183) CxConsoleMonitor::xGetProcAddress] [GET_PROC_ADDR] ReadConsoleInputW from kernelbase.dll
[6412:1] 2025-01-03 17:05:58.644 [0x2D1C(183) CxConsoleMonitor::InstallHook] [INSTALL_HOOK] RealReadConsoleInputW : cmd.exe:6412
[6412:1] 2025-01-03 17:05:58.645 [0x2D1C(183) CxConsoleMonitor::InstallHook] [SUCCESS]
[6412:1] 2025-01-03 17:05:58.647 [0x2D1C(183) CxConsoleMonitor::GetCmonProfileInfo] [REQ_CMON_PROFILE] 
[6412:1] 2025-01-03 17:05:58.648 [0x2D1C(0) CxConsoleMonitor::Initialize] [/Initialize] SUCCESS
[6412:1] 2025-01-03 17:05:58.651 [0x2E50(87) CxThreadPool::ThreadEntry] Worker Thread begins
[6412:1] 2025-01-03 17:05:58.655 [0x2E50(1) CxSensorPipeClient::SendJson] [SEND][ReqType:4] {
   "PID" : 6412,
   "ProcPath" : "C:\\Windows\\system32\\cmd.exe",
   "ReqType" : "xSensorRequestType_GetCmonProfile"
}

[6412:1] 2025-01-03 17:05:58.656 [0x2E50(183) CxSensorPipeClient::SendJson] [RECV] {
   "MaxConsoleInputLength" : 1000
}

[6412:1] 2025-01-03 17:05:58.658 [0x2E50(183) CxConsoleMonitor::PipeResponseCallback] [RES_CALLBACK]
[6412:1] 2025-01-03 17:05:58.660 [0x2E50(183) CxConsoleMonitor::PipeResponseCallback] [CMON_PROFILE] MaxConsoleInputLength : 1000
[6412:1] 2025-01-03 17:06:03.678 [0x2D1C(126) CxConsoleMonitor::Uninitialize] [Uninitialize]
[6412:1] 2025-01-03 17:06:03.680 [0x2D1C(183) CxSensorPipeClient::Uninitialize] [Uninitialize]
[6412:1] 2025-01-03 17:06:03.681 [0x2D1C(183) CxSensorPipeClient::Uninitialize] [/Uninitialize]
[6412:1] 2025-01-03 17:06:03.682 [0x2D1C(183) CxConsoleMonitor::Uninitialize] [/Uninitialize] SUCCESS
[9808:1] 2025-01-03 17:06:58.621 [0x147C(5) InitializeLog] [SET_LOGPATH] %programdata%\Geni\Insights\logs\cmon.cmd.exe.log
[9808:1] 2025-01-03 17:06:58.624 [0x147C(0) CxCommonApi::LogModuleInfo] [MODULE LOADING] ModuleName cmon64.dll, Version [2.0.0.1], ModulePath C:\Program Files\Geni\Insights\temp\cmon64.dll ModifiedTime 2024-09-23 16:53:04
[9808:1] 2025-01-03 17:06:58.625 [0x147C(183) CxConsoleMonitor::Initialize] [Initialize]
[9808:1] 2025-01-03 17:06:58.627 [0x147C(183) CxSensorPipeClient::Initialize] [Initialize]
[9808:1] 2025-01-03 17:06:58.628 [0x147C(0) CxThreadPool::Initialize] Queue init : OutputQue 0, nThreadPoolSize : 1
[9808:1] 2025-01-03 17:06:58.629 [0x147C(183) CxThreadPool::CreateThreadPool] Create 1 WorkerThread
[9808:1] 2025-01-03 17:06:58.631 [0x147C(183) CxConsoleMonitor::InstallHook] [InstallHook]
[9808:1] 2025-01-03 17:06:58.633 [0x147C(126) CxConsoleMonitor::xGetProcAddress] [GET_PROC_ADDR] ReadConsoleW from kernelbase.dll
[9808:1] 2025-01-03 17:06:58.634 [0x147C(183) CxConsoleMonitor::InstallHook] [INSTALL_HOOK] ReadConsoleW : cmd.exe:9808
[9808:1] 2025-01-03 17:06:58.635 [0x147C(183) CxConsoleMonitor::xGetProcAddress] [GET_PROC_ADDR] ReadConsoleInputW from kernelbase.dll
[9808:1] 2025-01-03 17:06:58.637 [0x147C(183) CxConsoleMonitor::InstallHook] [INSTALL_HOOK] RealReadConsoleInputW : cmd.exe:9808
[9808:1] 2025-01-03 17:06:58.638 [0x147C(183) CxConsoleMonitor::InstallHook] [SUCCESS]
[9808:1] 2025-01-03 17:06:58.640 [0x147C(183) CxConsoleMonitor::GetCmonProfileInfo] [REQ_CMON_PROFILE] 
[9808:1] 2025-01-03 17:06:58.641 [0x147C(0) CxConsoleMonitor::Initialize] [/Initialize] SUCCESS
[9808:1] 2025-01-03 17:06:58.644 [0x3BAC(87) CxThreadPool::ThreadEntry] Worker Thread begins
[9808:1] 2025-01-03 17:06:58.647 [0x3BAC(1) CxSensorPipeClient::SendJson] [SEND][ReqType:4] {
   "PID" : 9808,
   "ProcPath" : "C:\\Windows\\system32\\cmd.exe",
   "ReqType" : "xSensorRequestType_GetCmonProfile"
}

[9808:1] 2025-01-03 17:06:58.649 [0x3BAC(183) CxSensorPipeClient::SendJson] [RECV] {
   "MaxConsoleInputLength" : 1000
}

[9808:1] 2025-01-03 17:06:58.651 [0x3BAC(183) CxConsoleMonitor::PipeResponseCallback] [RES_CALLBACK]
[9808:1] 2025-01-03 17:06:58.652 [0x3BAC(183) CxConsoleMonitor::PipeResponseCallback] [CMON_PROFILE] MaxConsoleInputLength : 1000
[9808:1] 2025-01-03 17:07:03.867 [0x147C(126) CxConsoleMonitor::Uninitialize] [Uninitialize]
[9808:1] 2025-01-03 17:07:03.868 [0x147C(183) CxSensorPipeClient::Uninitialize] [Uninitialize]
[9808:1] 2025-01-03 17:07:03.869 [0x147C(183) CxSensorPipeClient::Uninitialize] [/Uninitialize]
[9808:1] 2025-01-03 17:07:03.871 [0x147C(183) CxConsoleMonitor::Uninitialize] [/Uninitialize] SUCCESS
[14912:1] 2025-01-03 17:07:58.635 [0x3B9C(5) InitializeLog] [SET_LOGPATH] %programdata%\Geni\Insights\logs\cmon.cmd.exe.log
[14912:1] 2025-01-03 17:07:58.637 [0x3B9C(0) CxCommonApi::LogModuleInfo] [MODULE LOADING] ModuleName cmon64.dll, Version [2.0.0.1], ModulePath C:\Program Files\Geni\Insights\temp\cmon64.dll ModifiedTime 2024-09-23 16:53:04
[14912:1] 2025-01-03 17:07:58.639 [0x3B9C(183) CxConsoleMonitor::Initialize] [Initialize]
[14912:1] 2025-01-03 17:07:58.641 [0x3B9C(183) CxSensorPipeClient::Initialize] [Initialize]
[14912:1] 2025-01-03 17:07:58.642 [0x3B9C(0) CxThreadPool::Initialize] Queue init : OutputQue 0, nThreadPoolSize : 1
[14912:1] 2025-01-03 17:07:58.644 [0x3B9C(183) CxThreadPool::CreateThreadPool] Create 1 WorkerThread
[14912:1] 2025-01-03 17:07:58.646 [0x3B9C(183) CxConsoleMonitor::InstallHook] [InstallHook]
[14912:1] 2025-01-03 17:07:58.648 [0x3B9C(126) CxConsoleMonitor::xGetProcAddress] [GET_PROC_ADDR] ReadConsoleW from kernelbase.dll
[14912:1] 2025-01-03 17:07:58.649 [0x3B9C(183) CxConsoleMonitor::InstallHook] [INSTALL_HOOK] ReadConsoleW : cmd.exe:14912
[14912:1] 2025-01-03 17:07:58.650 [0x3B9C(183) CxConsoleMonitor::xGetProcAddress] [GET_PROC_ADDR] ReadConsoleInputW from kernelbase.dll
[14912:1] 2025-01-03 17:07:58.652 [0x3B9C(183) CxConsoleMonitor::InstallHook] [INSTALL_HOOK] RealReadConsoleInputW : cmd.exe:14912
[14912:1] 2025-01-03 17:07:58.653 [0x3B9C(183) CxConsoleMonitor::InstallHook] [SUCCESS]
[14912:1] 2025-01-03 17:07:58.655 [0x3B9C(183) CxConsoleMonitor::GetCmonProfileInfo] [REQ_CMON_PROFILE] 
[14912:1] 2025-01-03 17:07:58.656 [0x3B9C(0) CxConsoleMonitor::Initialize] [/Initialize] SUCCESS
[14912:1] 2025-01-03 17:07:58.658 [0x1190(87) CxThreadPool::ThreadEntry] Worker Thread begins
[14912:1] 2025-01-03 17:07:58.662 [0x1190(1) CxSensorPipeClient::SendJson] [SEND][ReqType:4] {
   "PID" : 14912,
   "ProcPath" : "C:\\Windows\\system32\\cmd.exe",
   "ReqType" : "xSensorRequestType_GetCmonProfile"
}

[14912:1] 2025-01-03 17:07:58.663 [0x1190(183) CxSensorPipeClient::SendJson] [RECV] {
   "MaxConsoleInputLength" : 1000
}

[14912:1] 2025-01-03 17:07:58.665 [0x1190(183) CxConsoleMonitor::PipeResponseCallback] [RES_CALLBACK]
[14912:1] 2025-01-03 17:07:58.666 [0x1190(183) CxConsoleMonitor::PipeResponseCallback] [CMON_PROFILE] MaxConsoleInputLength : 1000
[14912:1] 2025-01-03 17:08:03.670 [0x3B9C(126) CxConsoleMonitor::Uninitialize] [Uninitialize]
[14912:1] 2025-01-03 17:08:03.672 [0x3B9C(183) CxSensorPipeClient::Uninitialize] [Uninitialize]
[14912:1] 2025-01-03 17:08:03.673 [0x3B9C(183) CxSensorPipeClient::Uninitialize] [/Uninitialize]
[14912:1] 2025-01-03 17:08:03.675 [0x3B9C(183) CxConsoleMonitor::Uninitialize] [/Uninitialize] SUCCESS
[7204:1] 2025-01-03 17:08:58.623 [0x2BD4(5) InitializeLog] [SET_LOGPATH] %programdata%\Geni\Insights\logs\cmon.cmd.exe.log
[7204:1] 2025-01-03 17:08:58.625 [0x2BD4(0) CxCommonApi::LogModuleInfo] [MODULE LOADING] ModuleName cmon64.dll, Version [2.0.0.1], ModulePath C:\Program Files\Geni\Insights\temp\cmon64.dll ModifiedTime 2024-09-23 16:53:04
[7204:1] 2025-01-03 17:08:58.627 [0x2BD4(183) CxConsoleMonitor::Initialize] [Initialize]
[7204:1] 2025-01-03 17:08:58.628 [0x2BD4(183) CxSensorPipeClient::Initialize] [Initialize]
[7204:1] 2025-01-03 17:08:58.630 [0x2BD4(0) CxThreadPool::Initialize] Queue init : OutputQue 0, nThreadPoolSize : 1
[7204:1] 2025-01-03 17:08:58.631 [0x2BD4(183) CxThreadPool::CreateThreadPool] Create 1 WorkerThread
[7204:1] 2025-01-03 17:08:58.633 [0x2BD4(183) CxConsoleMonitor::InstallHook] [InstallHook]
[7204:1] 2025-01-03 17:08:58.635 [0x2BD4(126) CxConsoleMonitor::xGetProcAddress] [GET_PROC_ADDR] ReadConsoleW from kernelbase.dll
[7204:1] 2025-01-03 17:08:58.636 [0x2BD4(183) CxConsoleMonitor::InstallHook] [INSTALL_HOOK] ReadConsoleW : cmd.exe:7204
[7204:1] 2025-01-03 17:08:58.638 [0x2BD4(183) CxConsoleMonitor::xGetProcAddress] [GET_PROC_ADDR] ReadConsoleInputW from kernelbase.dll
[7204:1] 2025-01-03 17:08:58.639 [0x2BD4(183) CxConsoleMonitor::InstallHook] [INSTALL_HOOK] RealReadConsoleInputW : cmd.exe:7204
[7204:1] 2025-01-03 17:08:58.640 [0x2BD4(183) CxConsoleMonitor::InstallHook] [SUCCESS]
[7204:1] 2025-01-03 17:08:58.641 [0x2BD4(183) CxConsoleMonitor::GetCmonProfileInfo] [REQ_CMON_PROFILE] 
[7204:1] 2025-01-03 17:08:58.643 [0x2BD4(0) CxConsoleMonitor::Initialize] [/Initialize] SUCCESS
[7204:1] 2025-01-03 17:08:58.645 [0x3A90(87) CxThreadPool::ThreadEntry] Worker Thread begins
[7204:1] 2025-01-03 17:08:58.648 [0x3A90(1) CxSensorPipeClient::SendJson] [SEND][ReqType:4] {
   "PID" : 7204,
   "ProcPath" : "C:\\Windows\\system32\\cmd.exe",
   "ReqType" : "xSensorRequestType_GetCmonProfile"
}

[7204:1] 2025-01-03 17:08:58.649 [0x3A90(183) CxSensorPipeClient::SendJson] [RECV] {
   "MaxConsoleInputLength" : 1000
}

[7204:1] 2025-01-03 17:08:58.651 [0x3A90(183) CxConsoleMonitor::PipeResponseCallback] [RES_CALLBACK]
[7204:1] 2025-01-03 17:08:58.652 [0x3A90(183) CxConsoleMonitor::PipeResponseCallback] [CMON_PROFILE] MaxConsoleInputLength : 1000
[7204:1] 2025-01-03 17:09:03.654 [0x2BD4(126) CxConsoleMonitor::Uninitialize] [Uninitialize]
[7204:1] 2025-01-03 17:09:03.655 [0x2BD4(183) CxSensorPipeClient::Uninitialize] [Uninitialize]
[7204:1] 2025-01-03 17:09:03.657 [0x2BD4(183) CxSensorPipeClient::Uninitialize] [/Uninitialize]
[7204:1] 2025-01-03 17:09:03.658 [0x2BD4(183) CxConsoleMonitor::Uninitialize] [/Uninitialize] SUCCESS
[4756:1] 2025-01-03 17:09:58.628 [0x1BF4(5) InitializeLog] [SET_LOGPATH] %programdata%\Geni\Insights\logs\cmon.cmd.exe.log
[4756:1] 2025-01-03 17:09:58.631 [0x1BF4(0) CxCommonApi::LogModuleInfo] [MODULE LOADING] ModuleName cmon64.dll, Version [2.0.0.1], ModulePath C:\Program Files\Geni\Insights\temp\cmon64.dll ModifiedTime 2024-09-23 16:53:04
[4756:1] 2025-01-03 17:09:58.633 [0x1BF4(183) CxConsoleMonitor::Initialize] [Initialize]
[4756:1] 2025-01-03 17:09:58.634 [0x1BF4(183) CxSensorPipeClient::Initialize] [Initialize]
[4756:1] 2025-01-03 17:09:58.636 [0x1BF4(0) CxThreadPool::Initialize] Queue init : OutputQue 0, nThreadPoolSize : 1
[4756:1] 2025-01-03 17:09:58.637 [0x1BF4(183) CxThreadPool::CreateThreadPool] Create 1 WorkerThread
[4756:1] 2025-01-03 17:09:58.639 [0x1BF4(183) CxConsoleMonitor::InstallHook] [InstallHook]
[4756:1] 2025-01-03 17:09:58.642 [0x1BF4(126) CxConsoleMonitor::xGetProcAddress] [GET_PROC_ADDR] ReadConsoleW from kernelbase.dll
[4756:1] 2025-01-03 17:09:58.644 [0x1BF4(183) CxConsoleMonitor::InstallHook] [INSTALL_HOOK] ReadConsoleW : cmd.exe:4756
[4756:1] 2025-01-03 17:09:58.645 [0x1BF4(183) CxConsoleMonitor::xGetProcAddress] [GET_PROC_ADDR] ReadConsoleInputW from kernelbase.dll
[4756:1] 2025-01-03 17:09:58.647 [0x1BF4(183) CxConsoleMonitor::InstallHook] [INSTALL_HOOK] RealReadConsoleInputW : cmd.exe:4756
[4756:1] 2025-01-03 17:09:58.648 [0x1BF4(183) CxConsoleMonitor::InstallHook] [SUCCESS]
[4756:1] 2025-01-03 17:09:58.650 [0x1BF4(183) CxConsoleMonitor::GetCmonProfileInfo] [REQ_CMON_PROFILE] 
[4756:1] 2025-01-03 17:09:58.651 [0x1BF4(0) CxConsoleMonitor::Initialize] [/Initialize] SUCCESS
[4756:1] 2025-01-03 17:09:58.654 [0x644(87) CxThreadPool::ThreadEntry] Worker Thread begins
[4756:1] 2025-01-03 17:09:58.657 [0x644(1) CxSensorPipeClient::SendJson] [SEND][ReqType:4] {
   "PID" : 4756,
   "ProcPath" : "C:\\Windows\\system32\\cmd.exe",
   "ReqType" : "xSensorRequestType_GetCmonProfile"
}

[4756:1] 2025-01-03 17:09:58.659 [0x644(183) CxSensorPipeClient::SendJson] [RECV] {
   "MaxConsoleInputLength" : 1000
}

[4756:1] 2025-01-03 17:09:58.660 [0x644(183) CxConsoleMonitor::PipeResponseCallback] [RES_CALLBACK]
[4756:1] 2025-01-03 17:09:58.662 [0x644(183) CxConsoleMonitor::PipeResponseCallback] [CMON_PROFILE] MaxConsoleInputLength : 1000
[4756:1] 2025-01-03 17:10:03.633 [0x1BF4(126) CxConsoleMonitor::Uninitialize] [Uninitialize]
[4756:1] 2025-01-03 17:10:03.635 [0x1BF4(183) CxSensorPipeClient::Uninitialize] [Uninitialize]
[4756:1] 2025-01-03 17:10:03.636 [0x1BF4(183) CxSensorPipeClient::Uninitialize] [/Uninitialize]
[4756:1] 2025-01-03 17:10:03.638 [0x1BF4(183) CxConsoleMonitor::Uninitialize] [/Uninitialize] SUCCESS
[13824:1] 2025-01-03 17:10:58.624 [0x3028(5) InitializeLog] [SET_LOGPATH] %programdata%\Geni\Insights\logs\cmon.cmd.exe.log
[13824:1] 2025-01-03 17:10:58.627 [0x3028(0) CxCommonApi::LogModuleInfo] [MODULE LOADING] ModuleName cmon64.dll, Version [2.0.0.1], ModulePath C:\Program Files\Geni\Insights\temp\cmon64.dll ModifiedTime 2024-09-23 16:53:04
[13824:1] 2025-01-03 17:10:58.628 [0x3028(183) CxConsoleMonitor::Initialize] [Initialize]
[13824:1] 2025-01-03 17:10:58.629 [0x3028(183) CxSensorPipeClient::Initialize] [Initialize]
[13824:1] 2025-01-03 17:10:58.631 [0x3028(0) CxThreadPool::Initialize] Queue init : OutputQue 0, nThreadPoolSize : 1
[13824:1] 2025-01-03 17:10:58.632 [0x3028(183) CxThreadPool::CreateThreadPool] Create 1 WorkerThread
[13824:1] 2025-01-03 17:10:58.633 [0x3028(183) CxConsoleMonitor::InstallHook] [InstallHook]
[13824:1] 2025-01-03 17:10:58.635 [0x3028(126) CxConsoleMonitor::xGetProcAddress] [GET_PROC_ADDR] ReadConsoleW from kernelbase.dll
[13824:1] 2025-01-03 17:10:58.636 [0x3028(183) CxConsoleMonitor::InstallHook] [INSTALL_HOOK] ReadConsoleW : cmd.exe:13824
[13824:1] 2025-01-03 17:10:58.638 [0x3028(183) CxConsoleMonitor::xGetProcAddress] [GET_PROC_ADDR] ReadConsoleInputW from kernelbase.dll
[13824:1] 2025-01-03 17:10:58.639 [0x3028(183) CxConsoleMonitor::InstallHook] [INSTALL_HOOK] RealReadConsoleInputW : cmd.exe:13824
[13824:1] 2025-01-03 17:10:58.640 [0x3028(183) CxConsoleMonitor::InstallHook] [SUCCESS]
[13824:1] 2025-01-03 17:10:58.641 [0x3028(183) CxConsoleMonitor::GetCmonProfileInfo] [REQ_CMON_PROFILE] 
[13824:1] 2025-01-03 17:10:58.643 [0x3028(0) CxConsoleMonitor::Initialize] [/Initialize] SUCCESS
[13824:1] 2025-01-03 17:10:58.645 [0x3A80(87) CxThreadPool::ThreadEntry] Worker Thread begins
[13824:1] 2025-01-03 17:10:58.648 [0x3A80(1) CxSensorPipeClient::SendJson] [SEND][ReqType:4] {
   "PID" : 13824,
   "ProcPath" : "C:\\Windows\\system32\\cmd.exe",
   "ReqType" : "xSensorRequestType_GetCmonProfile"
}

[13824:1] 2025-01-03 17:10:58.650 [0x3A80(183) CxSensorPipeClient::SendJson] [RECV] {
   "MaxConsoleInputLength" : 1000
}

[13824:1] 2025-01-03 17:10:58.651 [0x3A80(183) CxConsoleMonitor::PipeResponseCallback] [RES_CALLBACK]
[13824:1] 2025-01-03 17:10:58.653 [0x3A80(183) CxConsoleMonitor::PipeResponseCallback] [CMON_PROFILE] MaxConsoleInputLength : 1000
[13824:1] 2025-01-03 17:11:04.205 [0x3028(126) CxConsoleMonitor::Uninitialize] [Uninitialize]
[13824:1] 2025-01-03 17:11:04.206 [0x3028(183) CxSensorPipeClient::Uninitialize] [Uninitialize]
[13824:1] 2025-01-03 17:11:04.208 [0x3028(183) CxSensorPipeClient::Uninitialize] [/Uninitialize]
[13824:1] 2025-01-03 17:11:04.209 [0x3028(183) CxConsoleMonitor::Uninitialize] [/Uninitialize] SUCCESS
[15080:1] 2025-01-03 17:11:58.633 [0x3888(5) InitializeLog] [SET_LOGPATH] %programdata%\Geni\Insights\logs\cmon.cmd.exe.log
[15080:1] 2025-01-03 17:11:58.636 [0x3888(0) CxCommonApi::LogModuleInfo] [MODULE LOADING] ModuleName cmon64.dll, Version [2.0.0.1], ModulePath C:\Program Files\Geni\Insights\temp\cmon64.dll ModifiedTime 2024-09-23 16:53:04
[15080:1] 2025-01-03 17:11:58.637 [0x3888(183) CxConsoleMonitor::Initialize] [Initialize]
[15080:1] 2025-01-03 17:11:58.638 [0x3888(183) CxSensorPipeClient::Initialize] [Initialize]
[15080:1] 2025-01-03 17:11:58.639 [0x3888(0) CxThreadPool::Initialize] Queue init : OutputQue 0, nThreadPoolSize : 1
[15080:1] 2025-01-03 17:11:58.641 [0x3888(183) CxThreadPool::CreateThreadPool] Create 1 WorkerThread
[15080:1] 2025-01-03 17:11:58.642 [0x3888(183) CxConsoleMonitor::InstallHook] [InstallHook]
[15080:1] 2025-01-03 17:11:58.645 [0x3888(126) CxConsoleMonitor::xGetProcAddress] [GET_PROC_ADDR] ReadConsoleW from kernelbase.dll
[15080:1] 2025-01-03 17:11:58.647 [0x3888(183) CxConsoleMonitor::InstallHook] [INSTALL_HOOK] ReadConsoleW : cmd.exe:15080
[15080:1] 2025-01-03 17:11:58.648 [0x3888(183) CxConsoleMonitor::xGetProcAddress] [GET_PROC_ADDR] ReadConsoleInputW from kernelbase.dll
[15080:1] 2025-01-03 17:11:58.649 [0x3888(183) CxConsoleMonitor::InstallHook] [INSTALL_HOOK] RealReadConsoleInputW : cmd.exe:15080
[15080:1] 2025-01-03 17:11:58.651 [0x3888(183) CxConsoleMonitor::InstallHook] [SUCCESS]
[15080:1] 2025-01-03 17:11:58.652 [0x3888(183) CxConsoleMonitor::GetCmonProfileInfo] [REQ_CMON_PROFILE] 
[15080:1] 2025-01-03 17:11:58.654 [0x3888(0) CxConsoleMonitor::Initialize] [/Initialize] SUCCESS
[15080:1] 2025-01-03 17:11:58.656 [0x39B4(87) CxThreadPool::ThreadEntry] Worker Thread begins
[15080:1] 2025-01-03 17:11:58.660 [0x39B4(1) CxSensorPipeClient::SendJson] [SEND][ReqType:4] {
   "PID" : 15080,
   "ProcPath" : "C:\\Windows\\system32\\cmd.exe",
   "ReqType" : "xSensorRequestType_GetCmonProfile"
}

[15080:1] 2025-01-03 17:11:58.661 [0x39B4(183) CxSensorPipeClient::SendJson] [RECV] {
   "MaxConsoleInputLength" : 1000
}

[15080:1] 2025-01-03 17:11:58.662 [0x39B4(183) CxConsoleMonitor::PipeResponseCallback] [RES_CALLBACK]
[15080:1] 2025-01-03 17:11:58.663 [0x39B4(183) CxConsoleMonitor::PipeResponseCallback] [CMON_PROFILE] MaxConsoleInputLength : 1000
[15080:1] 2025-01-03 17:12:03.886 [0x3888(126) CxConsoleMonitor::Uninitialize] [Uninitialize]
[15080:1] 2025-01-03 17:12:03.888 [0x3888(183) CxSensorPipeClient::Uninitialize] [Uninitialize]
[15080:1] 2025-01-03 17:12:03.889 [0x3888(183) CxSensorPipeClient::Uninitialize] [/Uninitialize]
[15080:1] 2025-01-03 17:12:03.890 [0x3888(183) CxConsoleMonitor::Uninitialize] [/Uninitialize] SUCCESS
[6364:1] 2025-01-03 17:12:58.615 [0xCA8(5) InitializeLog] [SET_LOGPATH] %programdata%\Geni\Insights\logs\cmon.cmd.exe.log
[6364:1] 2025-01-03 17:12:58.617 [0xCA8(0) CxCommonApi::LogModuleInfo] [MODULE LOADING] ModuleName cmon64.dll, Version [2.0.0.1], ModulePath C:\Program Files\Geni\Insights\temp\cmon64.dll ModifiedTime 2024-09-23 16:53:04
[6364:1] 2025-01-03 17:12:58.619 [0xCA8(183) CxConsoleMonitor::Initialize] [Initialize]
[6364:1] 2025-01-03 17:12:58.620 [0xCA8(183) CxSensorPipeClient::Initialize] [Initialize]
[6364:1] 2025-01-03 17:12:58.622 [0xCA8(0) CxThreadPool::Initialize] Queue init : OutputQue 0, nThreadPoolSize : 1
[6364:1] 2025-01-03 17:12:58.623 [0xCA8(183) CxThreadPool::CreateThreadPool] Create 1 WorkerThread
[6364:1] 2025-01-03 17:12:58.625 [0xCA8(183) CxConsoleMonitor::InstallHook] [InstallHook]
[6364:1] 2025-01-03 17:12:58.627 [0xCA8(126) CxConsoleMonitor::xGetProcAddress] [GET_PROC_ADDR] ReadConsoleW from kernelbase.dll
[6364:1] 2025-01-03 17:12:58.628 [0xCA8(183) CxConsoleMonitor::InstallHook] [INSTALL_HOOK] ReadConsoleW : cmd.exe:6364
[6364:1] 2025-01-03 17:12:58.629 [0xCA8(183) CxConsoleMonitor::xGetProcAddress] [GET_PROC_ADDR] ReadConsoleInputW from kernelbase.dll
[6364:1] 2025-01-03 17:12:58.631 [0xCA8(183) CxConsoleMonitor::InstallHook] [INSTALL_HOOK] RealReadConsoleInputW : cmd.exe:6364
[6364:1] 2025-01-03 17:12:58.632 [0xCA8(183) CxConsoleMonitor::InstallHook] [SUCCESS]
[6364:1] 2025-01-03 17:12:58.634 [0xCA8(183) CxConsoleMonitor::GetCmonProfileInfo] [REQ_CMON_PROFILE] 
[6364:1] 2025-01-03 17:12:58.635 [0xCA8(0) CxConsoleMonitor::Initialize] [/Initialize] SUCCESS
[6364:1] 2025-01-03 17:12:58.637 [0x2024(87) CxThreadPool::ThreadEntry] Worker Thread begins
[6364:1] 2025-01-03 17:12:58.642 [0x2024(233) CxSensorPipeClient::SendJson] [SEND][ReqType:4] {
   "PID" : 6364,
   "ProcPath" : "C:\\Windows\\system32\\cmd.exe",
   "ReqType" : "xSensorRequestType_GetCmonProfile"
}

[6364:1] 2025-01-03 17:12:58.643 [0x2024(183) CxSensorPipeClient::SendJson] [RECV] {
   "MaxConsoleInputLength" : 1000
}

[6364:1] 2025-01-03 17:12:58.644 [0x2024(183) CxConsoleMonitor::PipeResponseCallback] [RES_CALLBACK]
[6364:1] 2025-01-03 17:12:58.645 [0x2024(183) CxConsoleMonitor::PipeResponseCallback] [CMON_PROFILE] MaxConsoleInputLength : 1000
[6364:1] 2025-01-03 17:13:03.605 [0xCA8(126) CxConsoleMonitor::Uninitialize] [Uninitialize]
[6364:1] 2025-01-03 17:13:03.606 [0xCA8(183) CxSensorPipeClient::Uninitialize] [Uninitialize]
[6364:1] 2025-01-03 17:13:03.608 [0xCA8(183) CxSensorPipeClient::Uninitialize] [/Uninitialize]
[6364:1] 2025-01-03 17:13:03.609 [0xCA8(183) CxConsoleMonitor::Uninitialize] [/Uninitialize] SUCCESS
[1196:1] 2025-01-03 17:13:58.631 [0xBA0(5) InitializeLog] [SET_LOGPATH] %programdata%\Geni\Insights\logs\cmon.cmd.exe.log
[1196:1] 2025-01-03 17:13:58.633 [0xBA0(0) CxCommonApi::LogModuleInfo] [MODULE LOADING] ModuleName cmon64.dll, Version [2.0.0.1], ModulePath C:\Program Files\Geni\Insights\temp\cmon64.dll ModifiedTime 2024-09-23 16:53:04
[1196:1] 2025-01-03 17:13:58.635 [0xBA0(183) CxConsoleMonitor::Initialize] [Initialize]
[1196:1] 2025-01-03 17:13:58.637 [0xBA0(183) CxSensorPipeClient::Initialize] [Initialize]
[1196:1] 2025-01-03 17:13:58.638 [0xBA0(0) CxThreadPool::Initialize] Queue init : OutputQue 0, nThreadPoolSize : 1
[1196:1] 2025-01-03 17:13:58.640 [0xBA0(183) CxThreadPool::CreateThreadPool] Create 1 WorkerThread
[1196:1] 2025-01-03 17:13:58.641 [0xBA0(183) CxConsoleMonitor::InstallHook] [InstallHook]
[1196:1] 2025-01-03 17:13:58.644 [0xBA0(126) CxConsoleMonitor::xGetProcAddress] [GET_PROC_ADDR] ReadConsoleW from kernelbase.dll
[1196:1] 2025-01-03 17:13:58.645 [0xBA0(183) CxConsoleMonitor::InstallHook] [INSTALL_HOOK] ReadConsoleW : cmd.exe:1196
[1196:1] 2025-01-03 17:13:58.646 [0xBA0(183) CxConsoleMonitor::xGetProcAddress] [GET_PROC_ADDR] ReadConsoleInputW from kernelbase.dll
[1196:1] 2025-01-03 17:13:58.648 [0xBA0(183) CxConsoleMonitor::InstallHook] [INSTALL_HOOK] RealReadConsoleInputW : cmd.exe:1196
[1196:1] 2025-01-03 17:13:58.649 [0xBA0(183) CxConsoleMonitor::InstallHook] [SUCCESS]
[1196:1] 2025-01-03 17:13:58.650 [0xBA0(183) CxConsoleMonitor::GetCmonProfileInfo] [REQ_CMON_PROFILE] 
[1196:1] 2025-01-03 17:13:58.652 [0xBA0(0) CxConsoleMonitor::Initialize] [/Initialize] SUCCESS
[1196:1] 2025-01-03 17:13:58.656 [0x1590(87) CxThreadPool::ThreadEntry] Worker Thread begins
[1196:1] 2025-01-03 17:13:58.660 [0x1590(1) CxSensorPipeClient::SendJson] [SEND][ReqType:4] {
   "PID" : 1196,
   "ProcPath" : "C:\\Windows\\system32\\cmd.exe",
   "ReqType" : "xSensorRequestType_GetCmonProfile"
}

[1196:1] 2025-01-03 17:13:58.661 [0x1590(183) CxSensorPipeClient::SendJson] [RECV] {
   "MaxConsoleInputLength" : 1000
}

[1196:1] 2025-01-03 17:13:58.662 [0x1590(183) CxConsoleMonitor::PipeResponseCallback] [RES_CALLBACK]
[1196:1] 2025-01-03 17:13:58.663 [0x1590(183) CxConsoleMonitor::PipeResponseCallback] [CMON_PROFILE] MaxConsoleInputLength : 1000
[1196:1] 2025-01-03 17:14:03.901 [0xBA0(126) CxConsoleMonitor::Uninitialize] [Uninitialize]
[1196:1] 2025-01-03 17:14:03.903 [0xBA0(183) CxSensorPipeClient::Uninitialize] [Uninitialize]
[1196:1] 2025-01-03 17:14:03.904 [0xBA0(183) CxSensorPipeClient::Uninitialize] [/Uninitialize]
[1196:1] 2025-01-03 17:14:03.906 [0xBA0(183) CxConsoleMonitor::Uninitialize] [/Uninitialize] SUCCESS
[8108:1] 2025-01-03 17:14:58.621 [0x1F34(5) InitializeLog] [SET_LOGPATH] %programdata%\Geni\Insights\logs\cmon.cmd.exe.log
[8108:1] 2025-01-03 17:14:58.623 [0x1F34(0) CxCommonApi::LogModuleInfo] [MODULE LOADING] ModuleName cmon64.dll, Version [2.0.0.1], ModulePath C:\Program Files\Geni\Insights\temp\cmon64.dll ModifiedTime 2024-09-23 16:53:04
[8108:1] 2025-01-03 17:14:58.625 [0x1F34(183) CxConsoleMonitor::Initialize] [Initialize]
[8108:1] 2025-01-03 17:14:58.626 [0x1F34(183) CxSensorPipeClient::Initialize] [Initialize]
[8108:1] 2025-01-03 17:14:58.627 [0x1F34(0) CxThreadPool::Initialize] Queue init : OutputQue 0, nThreadPoolSize : 1
[8108:1] 2025-01-03 17:14:58.628 [0x1F34(183) CxThreadPool::CreateThreadPool] Create 1 WorkerThread
[8108:1] 2025-01-03 17:14:58.630 [0x1F34(183) CxConsoleMonitor::InstallHook] [InstallHook]
[8108:1] 2025-01-03 17:14:58.633 [0x1F34(126) CxConsoleMonitor::xGetProcAddress] [GET_PROC_ADDR] ReadConsoleW from kernelbase.dll
[8108:1] 2025-01-03 17:14:58.635 [0x1F34(183) CxConsoleMonitor::InstallHook] [INSTALL_HOOK] ReadConsoleW : cmd.exe:8108
[8108:1] 2025-01-03 17:14:58.636 [0x1F34(183) CxConsoleMonitor::xGetProcAddress] [GET_PROC_ADDR] ReadConsoleInputW from kernelbase.dll
[8108:1] 2025-01-03 17:14:58.637 [0x1F34(183) CxConsoleMonitor::InstallHook] [INSTALL_HOOK] RealReadConsoleInputW : cmd.exe:8108
[8108:1] 2025-01-03 17:14:58.639 [0x1F34(183) CxConsoleMonitor::InstallHook] [SUCCESS]
[8108:1] 2025-01-03 17:14:58.640 [0x1F34(183) CxConsoleMonitor::GetCmonProfileInfo] [REQ_CMON_PROFILE] 
[8108:1] 2025-01-03 17:14:58.641 [0x1F34(0) CxConsoleMonitor::Initialize] [/Initialize] SUCCESS
[8108:1] 2025-01-03 17:14:58.643 [0x34BC(87) CxThreadPool::ThreadEntry] Worker Thread begins
[8108:1] 2025-01-03 17:14:58.648 [0x34BC(1) CxSensorPipeClient::SendJson] [SEND][ReqType:4] {
   "PID" : 8108,
   "ProcPath" : "C:\\Windows\\system32\\cmd.exe",
   "ReqType" : "xSensorRequestType_GetCmonProfile"
}

[8108:1] 2025-01-03 17:14:58.649 [0x34BC(183) CxSensorPipeClient::SendJson] [RECV] {
   "MaxConsoleInputLength" : 1000
}

[8108:1] 2025-01-03 17:14:58.651 [0x34BC(183) CxConsoleMonitor::PipeResponseCallback] [RES_CALLBACK]
[8108:1] 2025-01-03 17:14:58.652 [0x34BC(183) CxConsoleMonitor::PipeResponseCallback] [CMON_PROFILE] MaxConsoleInputLength : 1000
[8108:1] 2025-01-03 17:15:03.779 [0x1F34(126) CxConsoleMonitor::Uninitialize] [Uninitialize]
[8108:1] 2025-01-03 17:15:03.780 [0x1F34(183) CxSensorPipeClient::Uninitialize] [Uninitialize]
[8108:1] 2025-01-03 17:15:03.781 [0x1F34(183) CxSensorPipeClient::Uninitialize] [/Uninitialize]
[8108:1] 2025-01-03 17:15:03.782 [0x1F34(183) CxConsoleMonitor::Uninitialize] [/Uninitialize] SUCCESS
[13936:1] 2025-01-03 17:15:59.108 [0x26F0(5) InitializeLog] [SET_LOGPATH] %programdata%\Geni\Insights\logs\cmon.cmd.exe.log
[13936:1] 2025-01-03 17:15:59.111 [0x26F0(0) CxCommonApi::LogModuleInfo] [MODULE LOADING] ModuleName cmon64.dll, Version [2.0.0.1], ModulePath C:\Program Files\Geni\Insights\temp\cmon64.dll ModifiedTime 2024-09-23 16:53:04
[13936:1] 2025-01-03 17:15:59.112 [0x26F0(183) CxConsoleMonitor::Initialize] [Initialize]
[13936:1] 2025-01-03 17:15:59.114 [0x26F0(183) CxSensorPipeClient::Initialize] [Initialize]
[13936:1] 2025-01-03 17:15:59.116 [0x26F0(0) CxThreadPool::Initialize] Queue init : OutputQue 0, nThreadPoolSize : 1
[13936:1] 2025-01-03 17:15:59.118 [0x26F0(183) CxThreadPool::CreateThreadPool] Create 1 WorkerThread
[13936:1] 2025-01-03 17:15:59.120 [0x26F0(183) CxConsoleMonitor::InstallHook] [InstallHook]
[13936:1] 2025-01-03 17:15:59.123 [0x26F0(126) CxConsoleMonitor::xGetProcAddress] [GET_PROC_ADDR] ReadConsoleW from kernelbase.dll
[13936:1] 2025-01-03 17:15:59.125 [0x26F0(183) CxConsoleMonitor::InstallHook] [INSTALL_HOOK] ReadConsoleW : cmd.exe:13936
[13936:1] 2025-01-03 17:15:59.127 [0x26F0(183) CxConsoleMonitor::xGetProcAddress] [GET_PROC_ADDR] ReadConsoleInputW from kernelbase.dll
[13936:1] 2025-01-03 17:15:59.128 [0x26F0(183) CxConsoleMonitor::InstallHook] [INSTALL_HOOK] RealReadConsoleInputW : cmd.exe:13936
[13936:1] 2025-01-03 17:15:59.130 [0x26F0(183) CxConsoleMonitor::InstallHook] [SUCCESS]
[13936:1] 2025-01-03 17:15:59.132 [0x26F0(183) CxConsoleMonitor::GetCmonProfileInfo] [REQ_CMON_PROFILE] 
[13936:1] 2025-01-03 17:15:59.134 [0x26F0(0) CxConsoleMonitor::Initialize] [/Initialize] SUCCESS
[13936:1] 2025-01-03 17:15:59.171 [0x3740(87) CxThreadPool::ThreadEntry] Worker Thread begins
[13936:1] 2025-01-03 17:15:59.176 [0x3740(1) CxSensorPipeClient::SendJson] [SEND][ReqType:4] {
   "PID" : 13936,
   "ProcPath" : "C:\\Windows\\system32\\cmd.exe",
   "ReqType" : "xSensorRequestType_GetCmonProfile"
}

[13936:1] 2025-01-03 17:15:59.178 [0x3740(183) CxSensorPipeClient::SendJson] [RECV] {
   "MaxConsoleInputLength" : 1000
}

[13936:1] 2025-01-03 17:15:59.180 [0x3740(183) CxConsoleMonitor::PipeResponseCallback] [RES_CALLBACK]
[13936:1] 2025-01-03 17:15:59.182 [0x3740(183) CxConsoleMonitor::PipeResponseCallback] [CMON_PROFILE] MaxConsoleInputLength : 1000
[9568:1] 2025-01-03 17:16:04.130 [0x3880(5) InitializeLog] [SET_LOGPATH] %programdata%\Geni\Insights\logs\cmon.cmd.exe.log
[9568:1] 2025-01-03 17:16:04.133 [0x3880(0) CxCommonApi::LogModuleInfo] [MODULE LOADING] ModuleName cmon64.dll, Version [2.0.0.1], ModulePath C:\Program Files\Geni\Insights\temp\cmon64.dll ModifiedTime 2024-09-23 16:53:04
[9568:1] 2025-01-03 17:16:04.135 [0x3880(183) CxConsoleMonitor::Initialize] [Initialize]
[9568:1] 2025-01-03 17:16:04.137 [0x3880(183) CxSensorPipeClient::Initialize] [Initialize]
[9568:1] 2025-01-03 17:16:04.139 [0x3880(0) CxThreadPool::Initialize] Queue init : OutputQue 0, nThreadPoolSize : 1
[9568:1] 2025-01-03 17:16:04.140 [0x3880(183) CxThreadPool::CreateThreadPool] Create 1 WorkerThread
[9568:1] 2025-01-03 17:16:04.157 [0x3880(183) CxConsoleMonitor::InstallHook] [InstallHook]
[9568:1] 2025-01-03 17:16:04.160 [0x3880(126) CxConsoleMonitor::xGetProcAddress] [GET_PROC_ADDR] ReadConsoleW from kernelbase.dll
[9568:1] 2025-01-03 17:16:04.162 [0x3880(183) CxConsoleMonitor::InstallHook] [INSTALL_HOOK] ReadConsoleW : cmd.exe:9568
[9568:1] 2025-01-03 17:16:04.163 [0x3880(183) CxConsoleMonitor::xGetProcAddress] [GET_PROC_ADDR] ReadConsoleInputW from kernelbase.dll
[9568:1] 2025-01-03 17:16:04.165 [0x3880(183) CxConsoleMonitor::InstallHook] [INSTALL_HOOK] RealReadConsoleInputW : cmd.exe:9568
[9568:1] 2025-01-03 17:16:04.167 [0x3880(183) CxConsoleMonitor::InstallHook] [SUCCESS]
[9568:1] 2025-01-03 17:16:04.168 [0x3880(183) CxConsoleMonitor::GetCmonProfileInfo] [REQ_CMON_PROFILE] 
[9568:1] 2025-01-03 17:16:04.170 [0x3880(0) CxConsoleMonitor::Initialize] [/Initialize] SUCCESS
[9568:1] 2025-01-03 17:16:04.198 [0x3854(87) CxThreadPool::ThreadEntry] Worker Thread begins
[9568:1] 2025-01-03 17:16:04.204 [0x3854(1) CxSensorPipeClient::SendJson] [SEND][ReqType:4] {
   "PID" : 9568,
   "ProcPath" : "C:\\Windows\\system32\\cmd.exe",
   "ReqType" : "xSensorRequestType_GetCmonProfile"
}

[9568:1] 2025-01-03 17:16:04.205 [0x3854(183) CxSensorPipeClient::SendJson] [RECV] {
   "MaxConsoleInputLength" : 1000
}

[9568:1] 2025-01-03 17:16:04.207 [0x3854(183) CxConsoleMonitor::PipeResponseCallback] [RES_CALLBACK]
[9568:1] 2025-01-03 17:16:04.209 [0x3854(183) CxConsoleMonitor::PipeResponseCallback] [CMON_PROFILE] MaxConsoleInputLength : 1000
[9568:1] 2025-01-03 17:16:04.443 [0x3880(126) CxConsoleMonitor::Uninitialize] [Uninitialize]
[9568:1] 2025-01-03 17:16:04.444 [0x3880(183) CxSensorPipeClient::Uninitialize] [Uninitialize]
[9568:1] 2025-01-03 17:16:04.446 [0x3880(183) CxSensorPipeClient::Uninitialize] [/Uninitialize]
[9568:1] 2025-01-03 17:16:04.448 [0x3880(183) CxConsoleMonitor::Uninitialize] [/Uninitialize] SUCCESS
[13056:1] 2025-01-03 17:16:09.924 [0x377C(5) InitializeLog] [SET_LOGPATH] %programdata%\Geni\Insights\logs\cmon.cmd.exe.log
[13056:1] 2025-01-03 17:16:09.927 [0x377C(0) CxCommonApi::LogModuleInfo] [MODULE LOADING] ModuleName cmon64.dll, Version [2.0.0.1], ModulePath C:\Program Files\Geni\Insights\temp\cmon64.dll ModifiedTime 2024-09-23 16:53:04
[13056:1] 2025-01-03 17:16:09.928 [0x377C(183) CxConsoleMonitor::Initialize] [Initialize]
[13056:1] 2025-01-03 17:16:09.930 [0x377C(183) CxSensorPipeClient::Initialize] [Initialize]
[13056:1] 2025-01-03 17:16:09.932 [0x377C(0) CxThreadPool::Initialize] Queue init : OutputQue 0, nThreadPoolSize : 1
[13056:1] 2025-01-03 17:16:09.934 [0x377C(183) CxThreadPool::CreateThreadPool] Create 1 WorkerThread
[13056:1] 2025-01-03 17:16:09.942 [0x377C(183) CxConsoleMonitor::InstallHook] [InstallHook]
[13056:1] 2025-01-03 17:16:09.946 [0x377C(126) CxConsoleMonitor::xGetProcAddress] [GET_PROC_ADDR] ReadConsoleW from kernelbase.dll
[13056:1] 2025-01-03 17:16:09.948 [0x377C(183) CxConsoleMonitor::InstallHook] [INSTALL_HOOK] ReadConsoleW : cmd.exe:13056
[13056:1] 2025-01-03 17:16:09.950 [0x377C(183) CxConsoleMonitor::xGetProcAddress] [GET_PROC_ADDR] ReadConsoleInputW from kernelbase.dll
[13056:1] 2025-01-03 17:16:09.952 [0x377C(183) CxConsoleMonitor::InstallHook] [INSTALL_HOOK] RealReadConsoleInputW : cmd.exe:13056
[13056:1] 2025-01-03 17:16:09.953 [0x377C(183) CxConsoleMonitor::InstallHook] [SUCCESS]
[13056:1] 2025-01-03 17:16:09.955 [0x377C(183) CxConsoleMonitor::GetCmonProfileInfo] [REQ_CMON_PROFILE] 
[13056:1] 2025-01-03 17:16:09.957 [0x377C(0) CxConsoleMonitor::Initialize] [/Initialize] SUCCESS
[13056:1] 2025-01-03 17:16:09.971 [0x2D68(87) CxThreadPool::ThreadEntry] Worker Thread begins
[13056:1] 2025-01-03 17:16:09.976 [0x2D68(1) CxSensorPipeClient::SendJson] [SEND][ReqType:4] {
   "PID" : 13056,
   "ProcPath" : "C:\\Windows\\system32\\cmd.exe",
   "ReqType" : "xSensorRequestType_GetCmonProfile"
}

[13056:1] 2025-01-03 17:16:09.977 [0x2D68(183) CxSensorPipeClient::SendJson] [RECV] {
   "MaxConsoleInputLength" : 1000
}

[13056:1] 2025-01-03 17:16:09.979 [0x2D68(183) CxConsoleMonitor::PipeResponseCallback] [RES_CALLBACK]
[13056:1] 2025-01-03 17:16:09.981 [0x2D68(183) CxConsoleMonitor::PipeResponseCallback] [CMON_PROFILE] MaxConsoleInputLength : 1000
[13056:1] 2025-01-03 17:16:10.017 [0x377C(126) CxConsoleMonitor::Uninitialize] [Uninitialize]
[13056:1] 2025-01-03 17:16:10.019 [0x377C(183) CxSensorPipeClient::Uninitialize] [Uninitialize]
[13056:1] 2025-01-03 17:16:10.020 [0x377C(183) CxSensorPipeClient::Uninitialize] [/Uninitialize]
[13056:1] 2025-01-03 17:16:10.022 [0x377C(183) CxConsoleMonitor::Uninitialize] [/Uninitialize] SUCCESS
[13936:1] 2025-01-03 17:16:11.201 [0x26F0(126) CxConsoleMonitor::Uninitialize] [Uninitialize]
[13936:1] 2025-01-03 17:16:11.203 [0x26F0(183) CxSensorPipeClient::Uninitialize] [Uninitialize]
[13936:1] 2025-01-03 17:16:11.205 [0x26F0(183) CxSensorPipeClient::Uninitialize] [/Uninitialize]
[13936:1] 2025-01-03 17:16:11.207 [0x26F0(183) CxConsoleMonitor::Uninitialize] [/Uninitialize] SUCCESS
[14920:1] 2025-01-03 17:16:58.641 [0x1160(5) InitializeLog] [SET_LOGPATH] %programdata%\Geni\Insights\logs\cmon.cmd.exe.log
[14920:1] 2025-01-03 17:16:58.643 [0x1160(0) CxCommonApi::LogModuleInfo] [MODULE LOADING] ModuleName cmon64.dll, Version [2.0.0.1], ModulePath C:\Program Files\Geni\Insights\temp\cmon64.dll ModifiedTime 2024-09-23 16:53:04
[14920:1] 2025-01-03 17:16:58.645 [0x1160(183) CxConsoleMonitor::Initialize] [Initialize]
[14920:1] 2025-01-03 17:16:58.647 [0x1160(183) CxSensorPipeClient::Initialize] [Initialize]
[14920:1] 2025-01-03 17:16:58.648 [0x1160(0) CxThreadPool::Initialize] Queue init : OutputQue 0, nThreadPoolSize : 1
[14920:1] 2025-01-03 17:16:58.650 [0x1160(183) CxThreadPool::CreateThreadPool] Create 1 WorkerThread
[14920:1] 2025-01-03 17:16:58.652 [0x1160(183) CxConsoleMonitor::InstallHook] [InstallHook]
[14920:1] 2025-01-03 17:16:58.654 [0x1160(126) CxConsoleMonitor::xGetProcAddress] [GET_PROC_ADDR] ReadConsoleW from kernelbase.dll
[14920:1] 2025-01-03 17:16:58.656 [0x1160(183) CxConsoleMonitor::InstallHook] [INSTALL_HOOK] ReadConsoleW : cmd.exe:14920
[14920:1] 2025-01-03 17:16:58.657 [0x1160(183) CxConsoleMonitor::xGetProcAddress] [GET_PROC_ADDR] ReadConsoleInputW from kernelbase.dll
[14920:1] 2025-01-03 17:16:58.658 [0x1160(183) CxConsoleMonitor::InstallHook] [INSTALL_HOOK] RealReadConsoleInputW : cmd.exe:14920
[14920:1] 2025-01-03 17:16:58.660 [0x1160(183) CxConsoleMonitor::InstallHook] [SUCCESS]
[14920:1] 2025-01-03 17:16:58.662 [0x1160(183) CxConsoleMonitor::GetCmonProfileInfo] [REQ_CMON_PROFILE] 
[14920:1] 2025-01-03 17:16:58.663 [0x1160(0) CxConsoleMonitor::Initialize] [/Initialize] SUCCESS
[14920:1] 2025-01-03 17:16:58.666 [0x2C44(87) CxThreadPool::ThreadEntry] Worker Thread begins
[14920:1] 2025-01-03 17:16:58.670 [0x2C44(1) CxSensorPipeClient::SendJson] [SEND][ReqType:4] {
   "PID" : 14920,
   "ProcPath" : "C:\\Windows\\system32\\cmd.exe",
   "ReqType" : "xSensorRequestType_GetCmonProfile"
}

[14920:1] 2025-01-03 17:16:58.671 [0x2C44(183) CxSensorPipeClient::SendJson] [RECV] {
   "MaxConsoleInputLength" : 1000
}

[14920:1] 2025-01-03 17:16:58.673 [0x2C44(183) CxConsoleMonitor::PipeResponseCallback] [RES_CALLBACK]
[14920:1] 2025-01-03 17:16:58.675 [0x2C44(183) CxConsoleMonitor::PipeResponseCallback] [CMON_PROFILE] MaxConsoleInputLength : 1000
[14920:1] 2025-01-03 17:17:04.665 [0x1160(126) CxConsoleMonitor::Uninitialize] [Uninitialize]
[14920:1] 2025-01-03 17:17:04.666 [0x1160(183) CxSensorPipeClient::Uninitialize] [Uninitialize]
[14920:1] 2025-01-03 17:17:04.668 [0x1160(183) CxSensorPipeClient::Uninitialize] [/Uninitialize]
[14920:1] 2025-01-03 17:17:04.670 [0x1160(183) CxConsoleMonitor::Uninitialize] [/Uninitialize] SUCCESS
[12668:1] 2025-01-06 17:41:40.242 [0x30E0(5) InitializeLog] [SET_LOGPATH] %programdata%\Geni\Insights\logs\cmon.cmd.exe.log
[12668:1] 2025-01-06 17:41:40.246 [0x30E0(0) CxCommonApi::LogModuleInfo] [MODULE LOADING] ModuleName cmon64.dll, Version [2.0.0.1], ModulePath C:\Program Files\Geni\Insights\temp\cmon64.dll ModifiedTime 2024-09-23 16:53:04
[12668:1] 2025-01-06 17:41:40.248 [0x30E0(183) CxConsoleMonitor::Initialize] [Initialize]
[12668:1] 2025-01-06 17:41:40.250 [0x30E0(183) CxSensorPipeClient::Initialize] [Initialize]
[12668:1] 2025-01-06 17:41:40.252 [0x30E0(0) CxThreadPool::Initialize] Queue init : OutputQue 0, nThreadPoolSize : 1
[12668:1] 2025-01-06 17:41:40.254 [0x30E0(183) CxThreadPool::CreateThreadPool] Create 1 WorkerThread
[12668:1] 2025-01-06 17:41:40.257 [0x30E0(183) CxConsoleMonitor::InstallHook] [InstallHook]
[12668:1] 2025-01-06 17:41:40.260 [0x30E0(126) CxConsoleMonitor::xGetProcAddress] [GET_PROC_ADDR] ReadConsoleW from kernelbase.dll
[12668:1] 2025-01-06 17:41:40.262 [0x30E0(183) CxConsoleMonitor::InstallHook] [INSTALL_HOOK] ReadConsoleW : cmd.exe:12668
[12668:1] 2025-01-06 17:41:40.264 [0x30E0(183) CxConsoleMonitor::xGetProcAddress] [GET_PROC_ADDR] ReadConsoleInputW from kernelbase.dll
[12668:1] 2025-01-06 17:41:40.266 [0x30E0(183) CxConsoleMonitor::InstallHook] [INSTALL_HOOK] RealReadConsoleInputW : cmd.exe:12668
[12668:1] 2025-01-06 17:41:40.268 [0x30E0(183) CxConsoleMonitor::InstallHook] [SUCCESS]
[12668:1] 2025-01-06 17:41:40.270 [0x30E0(183) CxConsoleMonitor::GetCmonProfileInfo] [REQ_CMON_PROFILE] 
[12668:1] 2025-01-06 17:41:40.271 [0x30E0(0) CxConsoleMonitor::Initialize] [/Initialize] SUCCESS
[12668:1] 2025-01-06 17:41:40.296 [0x3E14(87) CxThreadPool::ThreadEntry] Worker Thread begins
[12668:1] 2025-01-06 17:41:40.327 [0x3E14(1) CxSensorPipeClient::SendJson] [SEND][ReqType:4] {
   "PID" : 12668,
   "ProcPath" : "C:\\Windows\\system32\\cmd.exe",
   "ReqType" : "xSensorRequestType_GetCmonProfile"
}

[12668:1] 2025-01-06 17:41:40.329 [0x3E14(183) CxSensorPipeClient::SendJson] [RECV] {
   "MaxConsoleInputLength" : 1000
}

[12668:1] 2025-01-06 17:41:40.331 [0x3E14(183) CxConsoleMonitor::PipeResponseCallback] [RES_CALLBACK]
[12668:1] 2025-01-06 17:41:40.333 [0x3E14(183) CxConsoleMonitor::PipeResponseCallback] [CMON_PROFILE] MaxConsoleInputLength : 1000
[12668:1] 2025-01-06 17:41:46.310 [0x30E0(126) CxConsoleMonitor::Uninitialize] [Uninitialize]
[12668:1] 2025-01-06 17:41:46.313 [0x30E0(183) CxSensorPipeClient::Uninitialize] [Uninitialize]
[12668:1] 2025-01-06 17:41:46.314 [0x30E0(183) CxSensorPipeClient::Uninitialize] [/Uninitialize]
[12668:1] 2025-01-06 17:41:46.316 [0x30E0(183) CxConsoleMonitor::Uninitialize] [/Uninitialize] SUCCESS
[16012:1] 2025-01-06 17:43:40.194 [0x3E34(5) InitializeLog] [SET_LOGPATH] %programdata%\Geni\Insights\logs\cmon.cmd.exe.log
[16012:1] 2025-01-06 17:43:40.197 [0x3E34(0) CxCommonApi::LogModuleInfo] [MODULE LOADING] ModuleName cmon64.dll, Version [2.0.0.1], ModulePath C:\Program Files\Geni\Insights\temp\cmon64.dll ModifiedTime 2024-09-23 16:53:04
[16012:1] 2025-01-06 17:43:40.198 [0x3E34(183) CxConsoleMonitor::Initialize] [Initialize]
[16012:1] 2025-01-06 17:43:40.199 [0x3E34(183) CxSensorPipeClient::Initialize] [Initialize]
[16012:1] 2025-01-06 17:43:40.201 [0x3E34(0) CxThreadPool::Initialize] Queue init : OutputQue 0, nThreadPoolSize : 1
[16012:1] 2025-01-06 17:43:40.203 [0x3E34(183) CxThreadPool::CreateThreadPool] Create 1 WorkerThread
[16012:1] 2025-01-06 17:43:40.204 [0x3E34(183) CxConsoleMonitor::InstallHook] [InstallHook]
[16012:1] 2025-01-06 17:43:40.207 [0x3E34(126) CxConsoleMonitor::xGetProcAddress] [GET_PROC_ADDR] ReadConsoleW from kernelbase.dll
[16012:1] 2025-01-06 17:43:40.209 [0x3E34(183) CxConsoleMonitor::InstallHook] [INSTALL_HOOK] ReadConsoleW : cmd.exe:16012
[16012:1] 2025-01-06 17:43:40.211 [0x3E34(183) CxConsoleMonitor::xGetProcAddress] [GET_PROC_ADDR] ReadConsoleInputW from kernelbase.dll
[16012:1] 2025-01-06 17:43:40.212 [0x3E34(183) CxConsoleMonitor::InstallHook] [INSTALL_HOOK] RealReadConsoleInputW : cmd.exe:16012
[16012:1] 2025-01-06 17:43:40.214 [0x3E34(183) CxConsoleMonitor::InstallHook] [SUCCESS]
[16012:1] 2025-01-06 17:43:40.215 [0x3E34(183) CxConsoleMonitor::GetCmonProfileInfo] [REQ_CMON_PROFILE] 
[16012:1] 2025-01-06 17:43:40.216 [0x3E34(0) CxConsoleMonitor::Initialize] [/Initialize] SUCCESS
[16012:1] 2025-01-06 17:43:40.218 [0x3040(87) CxThreadPool::ThreadEntry] Worker Thread begins
[16012:1] 2025-01-06 17:43:40.223 [0x3040(1) CxSensorPipeClient::SendJson] [SEND][ReqType:4] {
   "PID" : 16012,
   "ProcPath" : "C:\\Windows\\system32\\cmd.exe",
   "ReqType" : "xSensorRequestType_GetCmonProfile"
}

[16012:1] 2025-01-06 17:43:40.225 [0x3040(183) CxSensorPipeClient::SendJson] [RECV] {
   "MaxConsoleInputLength" : 1000
}

[16012:1] 2025-01-06 17:43:40.226 [0x3040(183) CxConsoleMonitor::PipeResponseCallback] [RES_CALLBACK]
[16012:1] 2025-01-06 17:43:40.228 [0x3040(183) CxConsoleMonitor::PipeResponseCallback] [CMON_PROFILE] MaxConsoleInputLength : 1000
[16012:1] 2025-01-06 17:43:45.249 [0x3E34(126) CxConsoleMonitor::Uninitialize] [Uninitialize]
[16012:1] 2025-01-06 17:43:45.251 [0x3E34(183) CxSensorPipeClient::Uninitialize] [Uninitialize]
[16012:1] 2025-01-06 17:43:45.253 [0x3E34(183) CxSensorPipeClient::Uninitialize] [/Uninitialize]
[16012:1] 2025-01-06 17:43:45.254 [0x3E34(183) CxConsoleMonitor::Uninitialize] [/Uninitialize] SUCCESS
[17372:1] 2025-01-06 17:44:39.903 [0x35D0(5) InitializeLog] [SET_LOGPATH] %programdata%\Geni\Insights\logs\cmon.cmd.exe.log
[17372:1] 2025-01-06 17:44:39.907 [0x35D0(0) CxCommonApi::LogModuleInfo] [MODULE LOADING] ModuleName cmon64.dll, Version [2.0.0.1], ModulePath C:\Program Files\Geni\Insights\temp\cmon64.dll ModifiedTime 2024-09-23 16:53:04
[17372:1] 2025-01-06 17:44:39.909 [0x35D0(183) CxConsoleMonitor::Initialize] [Initialize]
[17372:1] 2025-01-06 17:44:39.911 [0x35D0(183) CxSensorPipeClient::Initialize] [Initialize]
[17372:1] 2025-01-06 17:44:39.913 [0x35D0(0) CxThreadPool::Initialize] Queue init : OutputQue 0, nThreadPoolSize : 1
[17372:1] 2025-01-06 17:44:39.916 [0x35D0(183) CxThreadPool::CreateThreadPool] Create 1 WorkerThread
[17372:1] 2025-01-06 17:44:39.919 [0x35D0(183) CxConsoleMonitor::InstallHook] [InstallHook]
[17372:1] 2025-01-06 17:44:39.924 [0x35D0(126) CxConsoleMonitor::xGetProcAddress] [GET_PROC_ADDR] ReadConsoleW from kernelbase.dll
[17372:1] 2025-01-06 17:44:39.926 [0x35D0(183) CxConsoleMonitor::InstallHook] [INSTALL_HOOK] ReadConsoleW : cmd.exe:17372
[17372:1] 2025-01-06 17:44:39.928 [0x35D0(183) CxConsoleMonitor::xGetProcAddress] [GET_PROC_ADDR] ReadConsoleInputW from kernelbase.dll
[17372:1] 2025-01-06 17:44:39.929 [0x35D0(183) CxConsoleMonitor::InstallHook] [INSTALL_HOOK] RealReadConsoleInputW : cmd.exe:17372
[17372:1] 2025-01-06 17:44:39.931 [0x35D0(183) CxConsoleMonitor::InstallHook] [SUCCESS]
[17372:1] 2025-01-06 17:44:39.933 [0x35D0(183) CxConsoleMonitor::GetCmonProfileInfo] [REQ_CMON_PROFILE] 
[17372:1] 2025-01-06 17:44:39.935 [0x35D0(0) CxConsoleMonitor::Initialize] [/Initialize] SUCCESS
[17372:1] 2025-01-06 17:44:39.941 [0x2274(87) CxThreadPool::ThreadEntry] Worker Thread begins
[17372:1] 2025-01-06 17:44:39.945 [0x2274(233) CxSensorPipeClient::SendJson] [SEND][ReqType:4] {
   "PID" : 17372,
   "ProcPath" : "C:\\Windows\\system32\\cmd.exe",
   "ReqType" : "xSensorRequestType_GetCmonProfile"
}

[17372:1] 2025-01-06 17:44:39.947 [0x2274(183) CxSensorPipeClient::SendJson] [RECV] {
   "MaxConsoleInputLength" : 1000
}

[17372:1] 2025-01-06 17:44:39.949 [0x2274(183) CxConsoleMonitor::PipeResponseCallback] [RES_CALLBACK]
[17372:1] 2025-01-06 17:44:39.951 [0x2274(183) CxConsoleMonitor::PipeResponseCallback] [CMON_PROFILE] MaxConsoleInputLength : 1000
[17372:1] 2025-01-06 17:44:45.815 [0x35D0(126) CxConsoleMonitor::Uninitialize] [Uninitialize]
[17372:1] 2025-01-06 17:44:45.817 [0x35D0(183) CxSensorPipeClient::Uninitialize] [Uninitialize]
[17372:1] 2025-01-06 17:44:45.818 [0x35D0(183) CxSensorPipeClient::Uninitialize] [/Uninitialize]
[17372:1] 2025-01-06 17:44:45.819 [0x35D0(183) CxConsoleMonitor::Uninitialize] [/Uninitialize] SUCCESS
[11360:1] 2025-01-06 17:45:40.230 [0x191C(5) InitializeLog] [SET_LOGPATH] %programdata%\Geni\Insights\logs\cmon.cmd.exe.log
[11360:1] 2025-01-06 17:45:40.233 [0x191C(0) CxCommonApi::LogModuleInfo] [MODULE LOADING] ModuleName cmon64.dll, Version [2.0.0.1], ModulePath C:\Program Files\Geni\Insights\temp\cmon64.dll ModifiedTime 2024-09-23 16:53:04
[11360:1] 2025-01-06 17:45:40.234 [0x191C(183) CxConsoleMonitor::Initialize] [Initialize]
[11360:1] 2025-01-06 17:45:40.235 [0x191C(183) CxSensorPipeClient::Initialize] [Initialize]
[11360:1] 2025-01-06 17:45:40.236 [0x191C(0) CxThreadPool::Initialize] Queue init : OutputQue 0, nThreadPoolSize : 1
[11360:1] 2025-01-06 17:45:40.238 [0x191C(183) CxThreadPool::CreateThreadPool] Create 1 WorkerThread
[11360:1] 2025-01-06 17:45:40.239 [0x191C(183) CxConsoleMonitor::InstallHook] [InstallHook]
[11360:1] 2025-01-06 17:45:40.242 [0x191C(126) CxConsoleMonitor::xGetProcAddress] [GET_PROC_ADDR] ReadConsoleW from kernelbase.dll
[11360:1] 2025-01-06 17:45:40.243 [0x191C(183) CxConsoleMonitor::InstallHook] [INSTALL_HOOK] ReadConsoleW : cmd.exe:11360
[11360:1] 2025-01-06 17:45:40.245 [0x191C(183) CxConsoleMonitor::xGetProcAddress] [GET_PROC_ADDR] ReadConsoleInputW from kernelbase.dll
[11360:1] 2025-01-06 17:45:40.246 [0x191C(183) CxConsoleMonitor::InstallHook] [INSTALL_HOOK] RealReadConsoleInputW : cmd.exe:11360
[11360:1] 2025-01-06 17:45:40.247 [0x191C(183) CxConsoleMonitor::InstallHook] [SUCCESS]
[11360:1] 2025-01-06 17:45:40.249 [0x191C(183) CxConsoleMonitor::GetCmonProfileInfo] [REQ_CMON_PROFILE] 
[11360:1] 2025-01-06 17:45:40.250 [0x191C(0) CxConsoleMonitor::Initialize] [/Initialize] SUCCESS
[11360:1] 2025-01-06 17:45:40.252 [0x1960(87) CxThreadPool::ThreadEntry] Worker Thread begins
[11360:1] 2025-01-06 17:45:40.256 [0x1960(1) CxSensorPipeClient::SendJson] [SEND][ReqType:4] {
   "PID" : 11360,
   "ProcPath" : "C:\\Windows\\system32\\cmd.exe",
   "ReqType" : "xSensorRequestType_GetCmonProfile"
}

[11360:1] 2025-01-06 17:45:40.257 [0x1960(183) CxSensorPipeClient::SendJson] [RECV] {
   "MaxConsoleInputLength" : 1000
}

[11360:1] 2025-01-06 17:45:40.259 [0x1960(183) CxConsoleMonitor::PipeResponseCallback] [RES_CALLBACK]
[11360:1] 2025-01-06 17:45:40.260 [0x1960(183) CxConsoleMonitor::PipeResponseCallback] [CMON_PROFILE] MaxConsoleInputLength : 1000
[11360:1] 2025-01-06 17:45:45.083 [0x191C(126) CxConsoleMonitor::Uninitialize] [Uninitialize]
[11360:1] 2025-01-06 17:45:45.084 [0x191C(183) CxSensorPipeClient::Uninitialize] [Uninitialize]
[11360:1] 2025-01-06 17:45:45.086 [0x191C(183) CxSensorPipeClient::Uninitialize] [/Uninitialize]
[11360:1] 2025-01-06 17:45:45.087 [0x191C(183) CxConsoleMonitor::Uninitialize] [/Uninitialize] SUCCESS
[8132:1] 2025-01-06 17:46:39.871 [0x1B28(5) InitializeLog] [SET_LOGPATH] %programdata%\Geni\Insights\logs\cmon.cmd.exe.log
[8132:1] 2025-01-06 17:46:39.873 [0x1B28(0) CxCommonApi::LogModuleInfo] [MODULE LOADING] ModuleName cmon64.dll, Version [2.0.0.1], ModulePath C:\Program Files\Geni\Insights\temp\cmon64.dll ModifiedTime 2024-09-23 16:53:04
[8132:1] 2025-01-06 17:46:39.875 [0x1B28(183) CxConsoleMonitor::Initialize] [Initialize]
[8132:1] 2025-01-06 17:46:39.876 [0x1B28(183) CxSensorPipeClient::Initialize] [Initialize]
[8132:1] 2025-01-06 17:46:39.878 [0x1B28(0) CxThreadPool::Initialize] Queue init : OutputQue 0, nThreadPoolSize : 1
[8132:1] 2025-01-06 17:46:39.879 [0x1B28(183) CxThreadPool::CreateThreadPool] Create 1 WorkerThread
[8132:1] 2025-01-06 17:46:39.880 [0x1B28(183) CxConsoleMonitor::InstallHook] [InstallHook]
[8132:1] 2025-01-06 17:46:39.883 [0x1B28(126) CxConsoleMonitor::xGetProcAddress] [GET_PROC_ADDR] ReadConsoleW from kernelbase.dll
[8132:1] 2025-01-06 17:46:39.884 [0x1B28(183) CxConsoleMonitor::InstallHook] [INSTALL_HOOK] ReadConsoleW : cmd.exe:8132
[8132:1] 2025-01-06 17:46:39.885 [0x1B28(183) CxConsoleMonitor::xGetProcAddress] [GET_PROC_ADDR] ReadConsoleInputW from kernelbase.dll
[8132:1] 2025-01-06 17:46:39.887 [0x1B28(183) CxConsoleMonitor::InstallHook] [INSTALL_HOOK] RealReadConsoleInputW : cmd.exe:8132
[8132:1] 2025-01-06 17:46:39.888 [0x1B28(183) CxConsoleMonitor::InstallHook] [SUCCESS]
[8132:1] 2025-01-06 17:46:39.889 [0x1B28(183) CxConsoleMonitor::GetCmonProfileInfo] [REQ_CMON_PROFILE] 
[8132:1] 2025-01-06 17:46:39.890 [0x1B28(0) CxConsoleMonitor::Initialize] [/Initialize] SUCCESS
[8132:1] 2025-01-06 17:46:39.892 [0x4270(87) CxThreadPool::ThreadEntry] Worker Thread begins
[8132:1] 2025-01-06 17:46:39.897 [0x4270(1) CxSensorPipeClient::SendJson] [SEND][ReqType:4] {
   "PID" : 8132,
   "ProcPath" : "C:\\Windows\\system32\\cmd.exe",
   "ReqType" : "xSensorRequestType_GetCmonProfile"
}

[8132:1] 2025-01-06 17:46:39.899 [0x4270(183) CxSensorPipeClient::SendJson] [RECV] {
   "MaxConsoleInputLength" : 1000
}

[8132:1] 2025-01-06 17:46:39.901 [0x4270(183) CxConsoleMonitor::PipeResponseCallback] [RES_CALLBACK]
[8132:1] 2025-01-06 17:46:39.902 [0x4270(183) CxConsoleMonitor::PipeResponseCallback] [CMON_PROFILE] MaxConsoleInputLength : 1000
[8132:1] 2025-01-06 17:46:44.922 [0x1B28(126) CxConsoleMonitor::Uninitialize] [Uninitialize]
[8132:1] 2025-01-06 17:46:44.923 [0x1B28(183) CxSensorPipeClient::Uninitialize] [Uninitialize]
[8132:1] 2025-01-06 17:46:44.925 [0x1B28(183) CxSensorPipeClient::Uninitialize] [/Uninitialize]
[8132:1] 2025-01-06 17:46:44.927 [0x1B28(183) CxConsoleMonitor::Uninitialize] [/Uninitialize] SUCCESS
[12496:1] 2025-01-06 17:47:40.259 [0x2600(5) InitializeLog] [SET_LOGPATH] %programdata%\Geni\Insights\logs\cmon.cmd.exe.log
[12496:1] 2025-01-06 17:47:40.262 [0x2600(0) CxCommonApi::LogModuleInfo] [MODULE LOADING] ModuleName cmon64.dll, Version [2.0.0.1], ModulePath C:\Program Files\Geni\Insights\temp\cmon64.dll ModifiedTime 2024-09-23 16:53:04
[12496:1] 2025-01-06 17:47:40.264 [0x2600(183) CxConsoleMonitor::Initialize] [Initialize]
[12496:1] 2025-01-06 17:47:40.265 [0x2600(183) CxSensorPipeClient::Initialize] [Initialize]
[12496:1] 2025-01-06 17:47:40.267 [0x2600(0) CxThreadPool::Initialize] Queue init : OutputQue 0, nThreadPoolSize : 1
[12496:1] 2025-01-06 17:47:40.268 [0x2600(183) CxThreadPool::CreateThreadPool] Create 1 WorkerThread
[12496:1] 2025-01-06 17:47:40.269 [0x2600(183) CxConsoleMonitor::InstallHook] [InstallHook]
[12496:1] 2025-01-06 17:47:40.272 [0x2600(126) CxConsoleMonitor::xGetProcAddress] [GET_PROC_ADDR] ReadConsoleW from kernelbase.dll
[12496:1] 2025-01-06 17:47:40.274 [0x2600(183) CxConsoleMonitor::InstallHook] [INSTALL_HOOK] ReadConsoleW : cmd.exe:12496
[12496:1] 2025-01-06 17:47:40.276 [0x2600(183) CxConsoleMonitor::xGetProcAddress] [GET_PROC_ADDR] ReadConsoleInputW from kernelbase.dll
[12496:1] 2025-01-06 17:47:40.278 [0x2600(183) CxConsoleMonitor::InstallHook] [INSTALL_HOOK] RealReadConsoleInputW : cmd.exe:12496
[12496:1] 2025-01-06 17:47:40.279 [0x2600(183) CxConsoleMonitor::InstallHook] [SUCCESS]
[12496:1] 2025-01-06 17:47:40.281 [0x2600(183) CxConsoleMonitor::GetCmonProfileInfo] [REQ_CMON_PROFILE] 
[12496:1] 2025-01-06 17:47:40.282 [0x2600(0) CxConsoleMonitor::Initialize] [/Initialize] SUCCESS
[12496:1] 2025-01-06 17:47:40.285 [0x3EA8(87) CxThreadPool::ThreadEntry] Worker Thread begins
[12496:1] 2025-01-06 17:47:40.292 [0x3EA8(1) CxSensorPipeClient::SendJson] [SEND][ReqType:4] {
   "PID" : 12496,
   "ProcPath" : "C:\\Windows\\system32\\cmd.exe",
   "ReqType" : "xSensorRequestType_GetCmonProfile"
}

[12496:1] 2025-01-06 17:47:40.294 [0x3EA8(183) CxSensorPipeClient::SendJson] [RECV] {
   "MaxConsoleInputLength" : 1000
}

[12496:1] 2025-01-06 17:47:40.296 [0x3EA8(183) CxConsoleMonitor::PipeResponseCallback] [RES_CALLBACK]
[12496:1] 2025-01-06 17:47:40.298 [0x3EA8(183) CxConsoleMonitor::PipeResponseCallback] [CMON_PROFILE] MaxConsoleInputLength : 1000
[12496:1] 2025-01-06 17:47:45.662 [0x2600(126) CxConsoleMonitor::Uninitialize] [Uninitialize]
[12496:1] 2025-01-06 17:47:45.664 [0x2600(183) CxSensorPipeClient::Uninitialize] [Uninitialize]
[12496:1] 2025-01-06 17:47:45.665 [0x2600(183) CxSensorPipeClient::Uninitialize] [/Uninitialize]
[12496:1] 2025-01-06 17:47:45.666 [0x2600(183) CxConsoleMonitor::Uninitialize] [/Uninitialize] SUCCESS
[7020:2] 2025-01-08 14:25:11.969 [0xCC0(5) InitializeLog] [SET_LOGPATH] %programdata%\Geni\Insights\logs\cmon.cmd.exe.log
[7020:2] 2025-01-08 14:25:11.973 [0xCC0(0) CxCommonApi::LogModuleInfo] [MODULE LOADING] ModuleName cmon64.dll, Version [2.0.0.1], ModulePath C:\Program Files\Geni\Insights\temp\cmon64.dll ModifiedTime 2024-09-23 16:53:04
[7020:2] 2025-01-08 14:25:11.974 [0xCC0(183) CxConsoleMonitor::Initialize] [Initialize]
[7020:2] 2025-01-08 14:25:11.976 [0xCC0(183) CxSensorPipeClient::Initialize] [Initialize]
[7020:2] 2025-01-08 14:25:11.977 [0xCC0(0) CxThreadPool::Initialize] Queue init : OutputQue 0, nThreadPoolSize : 1
[7020:2] 2025-01-08 14:25:11.979 [0xCC0(183) CxThreadPool::CreateThreadPool] Create 1 WorkerThread
[7020:2] 2025-01-08 14:25:11.982 [0xCC0(183) CxConsoleMonitor::InstallHook] [InstallHook]
[7020:2] 2025-01-08 14:25:11.984 [0xCC0(126) CxConsoleMonitor::xGetProcAddress] [GET_PROC_ADDR] ReadConsoleW from kernelbase.dll
[7020:2] 2025-01-08 14:25:11.986 [0xCC0(183) CxConsoleMonitor::InstallHook] [INSTALL_HOOK] ReadConsoleW : cmd.exe:7020
[7020:2] 2025-01-08 14:25:11.987 [0xCC0(183) CxConsoleMonitor::xGetProcAddress] [GET_PROC_ADDR] ReadConsoleInputW from kernelbase.dll
[7020:2] 2025-01-08 14:25:11.989 [0xCC0(183) CxConsoleMonitor::InstallHook] [INSTALL_HOOK] RealReadConsoleInputW : cmd.exe:7020
[7020:2] 2025-01-08 14:25:11.990 [0xCC0(183) CxConsoleMonitor::InstallHook] [SUCCESS]
[7020:2] 2025-01-08 14:25:11.991 [0xCC0(183) CxConsoleMonitor::GetCmonProfileInfo] [REQ_CMON_PROFILE] 
[7020:2] 2025-01-08 14:25:11.993 [0xCC0(0) CxConsoleMonitor::Initialize] [/Initialize] SUCCESS
[7020:2] 2025-01-08 14:25:11.995 [0xC1C(87) CxThreadPool::ThreadEntry] Worker Thread begins
[7020:2] 2025-01-08 14:25:11.999 [0xC1C(1) CxSensorPipeClient::SendJson] [SEND][ReqType:4] {
   "PID" : 7020,
   "ProcPath" : "C:\\Windows\\system32\\cmd.exe",
   "ReqType" : "xSensorRequestType_GetCmonProfile"
}

[7020:2] 2025-01-08 14:25:12.001 [0xC1C(183) CxSensorPipeClient::SendJson] [RECV] {
   "MaxConsoleInputLength" : 1000
}

[7020:2] 2025-01-08 14:25:12.003 [0xC1C(183) CxConsoleMonitor::PipeResponseCallback] [RES_CALLBACK]
[7020:2] 2025-01-08 14:25:12.005 [0xC1C(183) CxConsoleMonitor::PipeResponseCallback] [CMON_PROFILE] MaxConsoleInputLength : 1000
[7020:2] 2025-01-08 14:25:17.237 [0xCC0(126) CxConsoleMonitor::Uninitialize] [Uninitialize]
[7020:2] 2025-01-08 14:25:17.238 [0xCC0(183) CxSensorPipeClient::Uninitialize] [Uninitialize]
[7020:2] 2025-01-08 14:25:17.240 [0xCC0(183) CxSensorPipeClient::Uninitialize] [/Uninitialize]
[7020:2] 2025-01-08 14:25:17.242 [0xCC0(183) CxConsoleMonitor::Uninitialize] [/Uninitialize] SUCCESS
[9656:2] 2025-01-08 14:26:12.462 [0x3564(5) InitializeLog] [SET_LOGPATH] %programdata%\Geni\Insights\logs\cmon.cmd.exe.log
[9656:2] 2025-01-08 14:26:12.466 [0x3564(0) CxCommonApi::LogModuleInfo] [MODULE LOADING] ModuleName cmon64.dll, Version [2.0.0.1], ModulePath C:\Program Files\Geni\Insights\temp\cmon64.dll ModifiedTime 2024-09-23 16:53:04
[9656:2] 2025-01-08 14:26:12.468 [0x3564(183) CxConsoleMonitor::Initialize] [Initialize]
[9656:2] 2025-01-08 14:26:12.473 [0x3564(183) CxSensorPipeClient::Initialize] [Initialize]
[9656:2] 2025-01-08 14:26:12.475 [0x3564(0) CxThreadPool::Initialize] Queue init : OutputQue 0, nThreadPoolSize : 1
[9656:2] 2025-01-08 14:26:12.478 [0x3564(183) CxThreadPool::CreateThreadPool] Create 1 WorkerThread
[9656:2] 2025-01-08 14:26:12.492 [0x3564(183) CxConsoleMonitor::InstallHook] [InstallHook]
[9656:2] 2025-01-08 14:26:12.495 [0x3564(126) CxConsoleMonitor::xGetProcAddress] [GET_PROC_ADDR] ReadConsoleW from kernelbase.dll
[9656:2] 2025-01-08 14:26:12.498 [0x3564(183) CxConsoleMonitor::InstallHook] [INSTALL_HOOK] ReadConsoleW : cmd.exe:9656
[9656:2] 2025-01-08 14:26:12.500 [0x3564(183) CxConsoleMonitor::xGetProcAddress] [GET_PROC_ADDR] ReadConsoleInputW from kernelbase.dll
[9656:2] 2025-01-08 14:26:12.502 [0x3564(183) CxConsoleMonitor::InstallHook] [INSTALL_HOOK] RealReadConsoleInputW : cmd.exe:9656
[9656:2] 2025-01-08 14:26:12.533 [0x3564(183) CxConsoleMonitor::InstallHook] [SUCCESS]
[9656:2] 2025-01-08 14:26:12.535 [0x3564(183) CxConsoleMonitor::GetCmonProfileInfo] [REQ_CMON_PROFILE] 
[9656:2] 2025-01-08 14:26:12.536 [0x3564(0) CxConsoleMonitor::Initialize] [/Initialize] SUCCESS
[9656:2] 2025-01-08 14:26:12.555 [0x2558(87) CxThreadPool::ThreadEntry] Worker Thread begins
[9656:2] 2025-01-08 14:26:12.560 [0x2558(1) CxSensorPipeClient::SendJson] [SEND][ReqType:4] {
   "PID" : 9656,
   "ProcPath" : "C:\\Windows\\system32\\cmd.exe",
   "ReqType" : "xSensorRequestType_GetCmonProfile"
}

[9656:2] 2025-01-08 14:26:12.562 [0x2558(183) CxSensorPipeClient::SendJson] [RECV] {
   "MaxConsoleInputLength" : 1000
}

[9656:2] 2025-01-08 14:26:12.564 [0x2558(183) CxConsoleMonitor::PipeResponseCallback] [RES_CALLBACK]
[9656:2] 2025-01-08 14:26:12.566 [0x2558(183) CxConsoleMonitor::PipeResponseCallback] [CMON_PROFILE] MaxConsoleInputLength : 1000
[10684:2] 2025-01-08 14:26:16.769 [0x28C(5) InitializeLog] [SET_LOGPATH] %programdata%\Geni\Insights\logs\cmon.cmd.exe.log
[10684:2] 2025-01-08 14:26:16.773 [0x28C(0) CxCommonApi::LogModuleInfo] [MODULE LOADING] ModuleName cmon64.dll, Version [2.0.0.1], ModulePath C:\Program Files\Geni\Insights\temp\cmon64.dll ModifiedTime 2024-09-23 16:53:04
[10684:2] 2025-01-08 14:26:16.775 [0x28C(183) CxConsoleMonitor::Initialize] [Initialize]
[10684:2] 2025-01-08 14:26:16.777 [0x28C(183) CxSensorPipeClient::Initialize] [Initialize]
[10684:2] 2025-01-08 14:26:16.779 [0x28C(0) CxThreadPool::Initialize] Queue init : OutputQue 0, nThreadPoolSize : 1
[10684:2] 2025-01-08 14:26:16.781 [0x28C(183) CxThreadPool::CreateThreadPool] Create 1 WorkerThread
[10684:2] 2025-01-08 14:26:16.792 [0x28C(183) CxConsoleMonitor::InstallHook] [InstallHook]
[10684:2] 2025-01-08 14:26:16.795 [0x28C(126) CxConsoleMonitor::xGetProcAddress] [GET_PROC_ADDR] ReadConsoleW from kernelbase.dll
[10684:2] 2025-01-08 14:26:16.797 [0x28C(183) CxConsoleMonitor::InstallHook] [INSTALL_HOOK] ReadConsoleW : cmd.exe:10684
[10684:2] 2025-01-08 14:26:16.799 [0x28C(183) CxConsoleMonitor::xGetProcAddress] [GET_PROC_ADDR] ReadConsoleInputW from kernelbase.dll
[10684:2] 2025-01-08 14:26:16.801 [0x28C(183) CxConsoleMonitor::InstallHook] [INSTALL_HOOK] RealReadConsoleInputW : cmd.exe:10684
[10684:2] 2025-01-08 14:26:16.803 [0x28C(183) CxConsoleMonitor::InstallHook] [SUCCESS]
[10684:2] 2025-01-08 14:26:16.804 [0x28C(183) CxConsoleMonitor::GetCmonProfileInfo] [REQ_CMON_PROFILE] 
[10684:2] 2025-01-08 14:26:16.807 [0x28C(0) CxConsoleMonitor::Initialize] [/Initialize] SUCCESS
[10684:2] 2025-01-08 14:26:16.829 [0x12F0(87) CxThreadPool::ThreadEntry] Worker Thread begins
[10684:2] 2025-01-08 14:26:16.834 [0x12F0(1) CxSensorPipeClient::SendJson] [SEND][ReqType:4] {
   "PID" : 10684,
   "ProcPath" : "C:\\Windows\\system32\\cmd.exe",
   "ReqType" : "xSensorRequestType_GetCmonProfile"
}

[10684:2] 2025-01-08 14:26:16.836 [0x12F0(183) CxSensorPipeClient::SendJson] [RECV] {
   "MaxConsoleInputLength" : 1000
}

[10684:2] 2025-01-08 14:26:16.838 [0x12F0(183) CxConsoleMonitor::PipeResponseCallback] [RES_CALLBACK]
[10684:2] 2025-01-08 14:26:16.841 [0x12F0(183) CxConsoleMonitor::PipeResponseCallback] [CMON_PROFILE] MaxConsoleInputLength : 1000
[10684:2] 2025-01-08 14:26:16.908 [0x28C(126) CxConsoleMonitor::Uninitialize] [Uninitialize]
[10684:2] 2025-01-08 14:26:16.910 [0x28C(183) CxSensorPipeClient::Uninitialize] [Uninitialize]
[10684:2] 2025-01-08 14:26:16.912 [0x28C(183) CxSensorPipeClient::Uninitialize] [/Uninitialize]
[10684:2] 2025-01-08 14:26:16.914 [0x28C(183) CxConsoleMonitor::Uninitialize] [/Uninitialize] SUCCESS
[3268:2] 2025-01-08 14:26:21.522 [0xA38(5) InitializeLog] [SET_LOGPATH] %programdata%\Geni\Insights\logs\cmon.cmd.exe.log
[3268:2] 2025-01-08 14:26:21.526 [0xA38(0) CxCommonApi::LogModuleInfo] [MODULE LOADING] ModuleName cmon64.dll, Version [2.0.0.1], ModulePath C:\Program Files\Geni\Insights\temp\cmon64.dll ModifiedTime 2024-09-23 16:53:04
[3268:2] 2025-01-08 14:26:21.527 [0xA38(183) CxConsoleMonitor::Initialize] [Initialize]
[3268:2] 2025-01-08 14:26:21.529 [0xA38(183) CxSensorPipeClient::Initialize] [Initialize]
[3268:2] 2025-01-08 14:26:21.531 [0xA38(0) CxThreadPool::Initialize] Queue init : OutputQue 0, nThreadPoolSize : 1
[3268:2] 2025-01-08 14:26:21.533 [0xA38(183) CxThreadPool::CreateThreadPool] Create 1 WorkerThread
[3268:2] 2025-01-08 14:26:21.549 [0xA38(183) CxConsoleMonitor::InstallHook] [InstallHook]
[3268:2] 2025-01-08 14:26:21.552 [0xA38(126) CxConsoleMonitor::xGetProcAddress] [GET_PROC_ADDR] ReadConsoleW from kernelbase.dll
[3268:2] 2025-01-08 14:26:21.554 [0xA38(183) CxConsoleMonitor::InstallHook] [INSTALL_HOOK] ReadConsoleW : cmd.exe:3268
[3268:2] 2025-01-08 14:26:21.556 [0xA38(183) CxConsoleMonitor::xGetProcAddress] [GET_PROC_ADDR] ReadConsoleInputW from kernelbase.dll
[3268:2] 2025-01-08 14:26:21.558 [0xA38(183) CxConsoleMonitor::InstallHook] [INSTALL_HOOK] RealReadConsoleInputW : cmd.exe:3268
[3268:2] 2025-01-08 14:26:21.582 [0xA38(183) CxConsoleMonitor::InstallHook] [SUCCESS]
[3268:2] 2025-01-08 14:26:21.584 [0xA38(183) CxConsoleMonitor::GetCmonProfileInfo] [REQ_CMON_PROFILE] 
[3268:2] 2025-01-08 14:26:21.585 [0xA38(0) CxConsoleMonitor::Initialize] [/Initialize] SUCCESS
[3268:2] 2025-01-08 14:26:21.595 [0x1DAC(87) CxThreadPool::ThreadEntry] Worker Thread begins
[3268:2] 2025-01-08 14:26:21.600 [0x1DAC(1) CxSensorPipeClient::SendJson] [SEND][ReqType:4] {
   "PID" : 3268,
   "ProcPath" : "C:\\Windows\\system32\\cmd.exe",
   "ReqType" : "xSensorRequestType_GetCmonProfile"
}

[3268:2] 2025-01-08 14:26:21.602 [0x1DAC(183) CxSensorPipeClient::SendJson] [RECV] {
   "MaxConsoleInputLength" : 1000
}

[3268:2] 2025-01-08 14:26:21.604 [0x1DAC(183) CxConsoleMonitor::PipeResponseCallback] [RES_CALLBACK]
[3268:2] 2025-01-08 14:26:21.606 [0x1DAC(183) CxConsoleMonitor::PipeResponseCallback] [CMON_PROFILE] MaxConsoleInputLength : 1000
[3268:2] 2025-01-08 14:26:21.677 [0xA38(126) CxConsoleMonitor::Uninitialize] [Uninitialize]
[3268:2] 2025-01-08 14:26:21.679 [0xA38(183) CxSensorPipeClient::Uninitialize] [Uninitialize]
[3268:2] 2025-01-08 14:26:21.681 [0xA38(183) CxSensorPipeClient::Uninitialize] [/Uninitialize]
[3268:2] 2025-01-08 14:26:21.682 [0xA38(183) CxConsoleMonitor::Uninitialize] [/Uninitialize] SUCCESS
[9656:2] 2025-01-08 14:26:22.650 [0x3564(126) CxConsoleMonitor::Uninitialize] [Uninitialize]
[9656:2] 2025-01-08 14:26:22.652 [0x3564(183) CxSensorPipeClient::Uninitialize] [Uninitialize]
[9656:2] 2025-01-08 14:26:22.654 [0x3564(183) CxSensorPipeClient::Uninitialize] [/Uninitialize]
[9656:2] 2025-01-08 14:26:22.656 [0x3564(183) CxConsoleMonitor::Uninitialize] [/Uninitialize] SUCCESS
[11100:2] 2025-01-08 15:30:12.445 [0x22E4(5) InitializeLog] [SET_LOGPATH] %programdata%\Geni\Insights\logs\cmon.cmd.exe.log
[11100:2] 2025-01-08 15:30:12.448 [0x22E4(0) CxCommonApi::LogModuleInfo] [MODULE LOADING] ModuleName cmon64.dll, Version [2.0.0.1], ModulePath C:\Program Files\Geni\Insights\temp\cmon64.dll ModifiedTime 2024-09-23 16:53:04
[11100:2] 2025-01-08 15:30:12.450 [0x22E4(183) CxConsoleMonitor::Initialize] [Initialize]
[11100:2] 2025-01-08 15:30:12.452 [0x22E4(183) CxSensorPipeClient::Initialize] [Initialize]
[11100:2] 2025-01-08 15:30:12.454 [0x22E4(0) CxThreadPool::Initialize] Queue init : OutputQue 0, nThreadPoolSize : 1
[11100:2] 2025-01-08 15:30:12.457 [0x22E4(183) CxThreadPool::CreateThreadPool] Create 1 WorkerThread
[11100:2] 2025-01-08 15:30:12.477 [0x22E4(183) CxConsoleMonitor::InstallHook] [InstallHook]
[11100:2] 2025-01-08 15:30:12.481 [0x22E4(126) CxConsoleMonitor::xGetProcAddress] [GET_PROC_ADDR] ReadConsoleW from kernelbase.dll
[11100:2] 2025-01-08 15:30:12.483 [0x22E4(183) CxConsoleMonitor::InstallHook] [INSTALL_HOOK] ReadConsoleW : cmd.exe:11100
[11100:2] 2025-01-08 15:30:12.485 [0x22E4(183) CxConsoleMonitor::xGetProcAddress] [GET_PROC_ADDR] ReadConsoleInputW from kernelbase.dll
[11100:2] 2025-01-08 15:30:12.487 [0x22E4(183) CxConsoleMonitor::InstallHook] [INSTALL_HOOK] RealReadConsoleInputW : cmd.exe:11100
[11100:2] 2025-01-08 15:30:12.489 [0x22E4(183) CxConsoleMonitor::InstallHook] [SUCCESS]
[11100:2] 2025-01-08 15:30:12.491 [0x22E4(183) CxConsoleMonitor::GetCmonProfileInfo] [REQ_CMON_PROFILE] 
[11100:2] 2025-01-08 15:30:12.494 [0x22E4(0) CxConsoleMonitor::Initialize] [/Initialize] SUCCESS
[11100:2] 2025-01-08 15:30:12.500 [0x22B8(87) CxThreadPool::ThreadEntry] Worker Thread begins
[11100:2] 2025-01-08 15:30:12.505 [0x22B8(1) CxSensorPipeClient::SendJson] [SEND][ReqType:4] {
   "PID" : 11100,
   "ProcPath" : "C:\\Windows\\system32\\cmd.exe",
   "ReqType" : "xSensorRequestType_GetCmonProfile"
}

[11100:2] 2025-01-08 15:30:12.507 [0x22B8(183) CxSensorPipeClient::SendJson] [RECV] {
   "MaxConsoleInputLength" : 1000
}

[11100:2] 2025-01-08 15:30:12.509 [0x22B8(183) CxConsoleMonitor::PipeResponseCallback] [RES_CALLBACK]
[11100:2] 2025-01-08 15:30:12.511 [0x22B8(183) CxConsoleMonitor::PipeResponseCallback] [CMON_PROFILE] MaxConsoleInputLength : 1000
[15096:2] 2025-01-08 15:30:15.996 [0x5F4(5) InitializeLog] [SET_LOGPATH] %programdata%\Geni\Insights\logs\cmon.cmd.exe.log
[15096:2] 2025-01-08 15:30:15.999 [0x5F4(0) CxCommonApi::LogModuleInfo] [MODULE LOADING] ModuleName cmon64.dll, Version [2.0.0.1], ModulePath C:\Program Files\Geni\Insights\temp\cmon64.dll ModifiedTime 2024-09-23 16:53:04
[15096:2] 2025-01-08 15:30:16.001 [0x5F4(183) CxConsoleMonitor::Initialize] [Initialize]
[15096:2] 2025-01-08 15:30:16.003 [0x5F4(183) CxSensorPipeClient::Initialize] [Initialize]
[15096:2] 2025-01-08 15:30:16.005 [0x5F4(0) CxThreadPool::Initialize] Queue init : OutputQue 0, nThreadPoolSize : 1
[15096:2] 2025-01-08 15:30:16.007 [0x5F4(183) CxThreadPool::CreateThreadPool] Create 1 WorkerThread
[15096:2] 2025-01-08 15:30:16.015 [0x5F4(183) CxConsoleMonitor::InstallHook] [InstallHook]
[15096:2] 2025-01-08 15:30:16.019 [0x5F4(126) CxConsoleMonitor::xGetProcAddress] [GET_PROC_ADDR] ReadConsoleW from kernelbase.dll
[15096:2] 2025-01-08 15:30:16.021 [0x5F4(183) CxConsoleMonitor::InstallHook] [INSTALL_HOOK] ReadConsoleW : cmd.exe:15096
[15096:2] 2025-01-08 15:30:16.023 [0x5F4(183) CxConsoleMonitor::xGetProcAddress] [GET_PROC_ADDR] ReadConsoleInputW from kernelbase.dll
[15096:2] 2025-01-08 15:30:16.028 [0x5F4(183) CxConsoleMonitor::InstallHook] [INSTALL_HOOK] RealReadConsoleInputW : cmd.exe:15096
[15096:2] 2025-01-08 15:30:16.030 [0x5F4(183) CxConsoleMonitor::InstallHook] [SUCCESS]
[15096:2] 2025-01-08 15:30:16.032 [0x5F4(183) CxConsoleMonitor::GetCmonProfileInfo] [REQ_CMON_PROFILE] 
[15096:2] 2025-01-08 15:30:16.035 [0x5F4(0) CxConsoleMonitor::Initialize] [/Initialize] SUCCESS
[15096:2] 2025-01-08 15:30:16.043 [0x5F4(126) CxConsoleMonitor::Uninitialize] [Uninitialize]
[15096:2] 2025-01-08 15:30:16.045 [0x5F4(183) CxSensorPipeClient::Uninitialize] [Uninitialize]
[15096:2] 2025-01-08 15:30:16.047 [0x5F4(183) CxSensorPipeClient::Uninitialize] [/Uninitialize]
[15096:2] 2025-01-08 15:30:16.049 [0x5F4(183) CxConsoleMonitor::Uninitialize] [/Uninitialize] SUCCESS
[14936:2] 2025-01-08 15:30:20.653 [0x3F5C(5) InitializeLog] [SET_LOGPATH] %programdata%\Geni\Insights\logs\cmon.cmd.exe.log
[14936:2] 2025-01-08 15:30:20.656 [0x3F5C(0) CxCommonApi::LogModuleInfo] [MODULE LOADING] ModuleName cmon64.dll, Version [2.0.0.1], ModulePath C:\Program Files\Geni\Insights\temp\cmon64.dll ModifiedTime 2024-09-23 16:53:04
[14936:2] 2025-01-08 15:30:20.658 [0x3F5C(183) CxConsoleMonitor::Initialize] [Initialize]
[14936:2] 2025-01-08 15:30:20.660 [0x3F5C(183) CxSensorPipeClient::Initialize] [Initialize]
[14936:2] 2025-01-08 15:30:20.662 [0x3F5C(0) CxThreadPool::Initialize] Queue init : OutputQue 0, nThreadPoolSize : 1
[14936:2] 2025-01-08 15:30:20.663 [0x3F5C(183) CxThreadPool::CreateThreadPool] Create 1 WorkerThread
[14936:2] 2025-01-08 15:30:20.693 [0x3F5C(183) CxConsoleMonitor::InstallHook] [InstallHook]
[14936:2] 2025-01-08 15:30:20.696 [0x3F5C(126) CxConsoleMonitor::xGetProcAddress] [GET_PROC_ADDR] ReadConsoleW from kernelbase.dll
[14936:2] 2025-01-08 15:30:20.698 [0x3F5C(183) CxConsoleMonitor::InstallHook] [INSTALL_HOOK] ReadConsoleW : cmd.exe:14936
[14936:2] 2025-01-08 15:30:20.699 [0x3F5C(183) CxConsoleMonitor::xGetProcAddress] [GET_PROC_ADDR] ReadConsoleInputW from kernelbase.dll
[14936:2] 2025-01-08 15:30:20.701 [0x3F5C(183) CxConsoleMonitor::InstallHook] [INSTALL_HOOK] RealReadConsoleInputW : cmd.exe:14936
[14936:2] 2025-01-08 15:30:20.703 [0x3F5C(183) CxConsoleMonitor::InstallHook] [SUCCESS]
[14936:2] 2025-01-08 15:30:20.704 [0x3F5C(183) CxConsoleMonitor::GetCmonProfileInfo] [REQ_CMON_PROFILE] 
[14936:2] 2025-01-08 15:30:20.706 [0x3F5C(0) CxConsoleMonitor::Initialize] [/Initialize] SUCCESS
[14936:2] 2025-01-08 15:30:20.737 [0x25B8(87) CxThreadPool::ThreadEntry] Worker Thread begins
[14936:2] 2025-01-08 15:30:20.742 [0x25B8(1) CxSensorPipeClient::SendJson] [SEND][ReqType:4] {
   "PID" : 14936,
   "ProcPath" : "C:\\Windows\\system32\\cmd.exe",
   "ReqType" : "xSensorRequestType_GetCmonProfile"
}

[14936:2] 2025-01-08 15:30:20.744 [0x25B8(183) CxSensorPipeClient::SendJson] [RECV] {
   "MaxConsoleInputLength" : 1000
}

[14936:2] 2025-01-08 15:30:20.745 [0x25B8(183) CxConsoleMonitor::PipeResponseCallback] [RES_CALLBACK]
[14936:2] 2025-01-08 15:30:20.747 [0x25B8(183) CxConsoleMonitor::PipeResponseCallback] [CMON_PROFILE] MaxConsoleInputLength : 1000
[14936:2] 2025-01-08 15:30:20.777 [0x3F5C(126) CxConsoleMonitor::Uninitialize] [Uninitialize]
[14936:2] 2025-01-08 15:30:20.779 [0x3F5C(183) CxSensorPipeClient::Uninitialize] [Uninitialize]
[14936:2] 2025-01-08 15:30:20.781 [0x3F5C(183) CxSensorPipeClient::Uninitialize] [/Uninitialize]
[14936:2] 2025-01-08 15:30:20.783 [0x3F5C(183) CxConsoleMonitor::Uninitialize] [/Uninitialize] SUCCESS
[11100:2] 2025-01-08 15:30:21.860 [0x22E4(126) CxConsoleMonitor::Uninitialize] [Uninitialize]
[11100:2] 2025-01-08 15:30:21.862 [0x22E4(183) CxSensorPipeClient::Uninitialize] [Uninitialize]
[11100:2] 2025-01-08 15:30:21.864 [0x22E4(183) CxSensorPipeClient::Uninitialize] [/Uninitialize]
[11100:2] 2025-01-08 15:30:21.866 [0x22E4(183) CxConsoleMonitor::Uninitialize] [/Uninitialize] SUCCESS
[1160:2] 2025-01-08 15:31:12.495 [0x29CC(5) InitializeLog] [SET_LOGPATH] %programdata%\Geni\Insights\logs\cmon.cmd.exe.log
[1160:2] 2025-01-08 15:31:12.498 [0x29CC(0) CxCommonApi::LogModuleInfo] [MODULE LOADING] ModuleName cmon64.dll, Version [2.0.0.1], ModulePath C:\Program Files\Geni\Insights\temp\cmon64.dll ModifiedTime 2024-09-23 16:53:04
[1160:2] 2025-01-08 15:31:12.500 [0x29CC(183) CxConsoleMonitor::Initialize] [Initialize]
[1160:2] 2025-01-08 15:31:12.502 [0x29CC(183) CxSensorPipeClient::Initialize] [Initialize]
[1160:2] 2025-01-08 15:31:12.504 [0x29CC(0) CxThreadPool::Initialize] Queue init : OutputQue 0, nThreadPoolSize : 1
[1160:2] 2025-01-08 15:31:12.506 [0x29CC(183) CxThreadPool::CreateThreadPool] Create 1 WorkerThread
[1160:2] 2025-01-08 15:31:12.512 [0x29CC(183) CxConsoleMonitor::InstallHook] [InstallHook]
[1160:2] 2025-01-08 15:31:12.515 [0x29CC(126) CxConsoleMonitor::xGetProcAddress] [GET_PROC_ADDR] ReadConsoleW from kernelbase.dll
[1160:2] 2025-01-08 15:31:12.517 [0x29CC(183) CxConsoleMonitor::InstallHook] [INSTALL_HOOK] ReadConsoleW : cmd.exe:1160
[1160:2] 2025-01-08 15:31:12.519 [0x29CC(183) CxConsoleMonitor::xGetProcAddress] [GET_PROC_ADDR] ReadConsoleInputW from kernelbase.dll
[1160:2] 2025-01-08 15:31:12.521 [0x29CC(183) CxConsoleMonitor::InstallHook] [INSTALL_HOOK] RealReadConsoleInputW : cmd.exe:1160
[1160:2] 2025-01-08 15:31:12.522 [0x29CC(183) CxConsoleMonitor::InstallHook] [SUCCESS]
[1160:2] 2025-01-08 15:31:12.524 [0x29CC(183) CxConsoleMonitor::GetCmonProfileInfo] [REQ_CMON_PROFILE] 
[1160:2] 2025-01-08 15:31:12.526 [0x29CC(0) CxConsoleMonitor::Initialize] [/Initialize] SUCCESS
[1160:2] 2025-01-08 15:31:12.640 [0x1CFC(87) CxThreadPool::ThreadEntry] Worker Thread begins
[1160:2] 2025-01-08 15:31:12.644 [0x1CFC(1) CxSensorPipeClient::SendJson] [SEND][ReqType:4] {
   "PID" : 1160,
   "ProcPath" : "C:\\Windows\\system32\\cmd.exe",
   "ReqType" : "xSensorRequestType_GetCmonProfile"
}

[1160:2] 2025-01-08 15:31:12.646 [0x1CFC(183) CxSensorPipeClient::SendJson] [RECV] {
   "MaxConsoleInputLength" : 1000
}

[1160:2] 2025-01-08 15:31:12.648 [0x1CFC(183) CxConsoleMonitor::PipeResponseCallback] [RES_CALLBACK]
[1160:2] 2025-01-08 15:31:12.650 [0x1CFC(183) CxConsoleMonitor::PipeResponseCallback] [CMON_PROFILE] MaxConsoleInputLength : 1000
[7696:2] 2025-01-08 15:31:16.528 [0x24F0(5) InitializeLog] [SET_LOGPATH] %programdata%\Geni\Insights\logs\cmon.cmd.exe.log
[7696:2] 2025-01-08 15:31:16.531 [0x24F0(0) CxCommonApi::LogModuleInfo] [MODULE LOADING] ModuleName cmon64.dll, Version [2.0.0.1], ModulePath C:\Program Files\Geni\Insights\temp\cmon64.dll ModifiedTime 2024-09-23 16:53:04
[7696:2] 2025-01-08 15:31:16.533 [0x24F0(183) CxConsoleMonitor::Initialize] [Initialize]
[7696:2] 2025-01-08 15:31:16.535 [0x24F0(183) CxSensorPipeClient::Initialize] [Initialize]
[7696:2] 2025-01-08 15:31:16.537 [0x24F0(0) CxThreadPool::Initialize] Queue init : OutputQue 0, nThreadPoolSize : 1
[7696:2] 2025-01-08 15:31:16.539 [0x24F0(183) CxThreadPool::CreateThreadPool] Create 1 WorkerThread
[7696:2] 2025-01-08 15:31:16.561 [0x24F0(183) CxConsoleMonitor::InstallHook] [InstallHook]
[7696:2] 2025-01-08 15:31:16.564 [0x24F0(126) CxConsoleMonitor::xGetProcAddress] [GET_PROC_ADDR] ReadConsoleW from kernelbase.dll
[7696:2] 2025-01-08 15:31:16.566 [0x24F0(183) CxConsoleMonitor::InstallHook] [INSTALL_HOOK] ReadConsoleW : cmd.exe:7696
[7696:2] 2025-01-08 15:31:16.568 [0x24F0(183) CxConsoleMonitor::xGetProcAddress] [GET_PROC_ADDR] ReadConsoleInputW from kernelbase.dll
[7696:2] 2025-01-08 15:31:16.569 [0x24F0(183) CxConsoleMonitor::InstallHook] [INSTALL_HOOK] RealReadConsoleInputW : cmd.exe:7696
[7696:2] 2025-01-08 15:31:16.571 [0x24F0(183) CxConsoleMonitor::InstallHook] [SUCCESS]
[7696:2] 2025-01-08 15:31:16.573 [0x24F0(183) CxConsoleMonitor::GetCmonProfileInfo] [REQ_CMON_PROFILE] 
[7696:2] 2025-01-08 15:31:16.575 [0x24F0(0) CxConsoleMonitor::Initialize] [/Initialize] SUCCESS
[7696:2] 2025-01-08 15:31:16.592 [0x1484(87) CxThreadPool::ThreadEntry] Worker Thread begins
[7696:2] 2025-01-08 15:31:16.597 [0x1484(1) CxSensorPipeClient::SendJson] [SEND][ReqType:4] {
   "PID" : 7696,
   "ProcPath" : "C:\\Windows\\system32\\cmd.exe",
   "ReqType" : "xSensorRequestType_GetCmonProfile"
}

[7696:2] 2025-01-08 15:31:16.598 [0x1484(183) CxSensorPipeClient::SendJson] [RECV] {
   "MaxConsoleInputLength" : 1000
}

[7696:2] 2025-01-08 15:31:16.600 [0x1484(183) CxConsoleMonitor::PipeResponseCallback] [RES_CALLBACK]
[7696:2] 2025-01-08 15:31:16.602 [0x1484(183) CxConsoleMonitor::PipeResponseCallback] [CMON_PROFILE] MaxConsoleInputLength : 1000
[7696:2] 2025-01-08 15:31:16.673 [0x24F0(126) CxConsoleMonitor::Uninitialize] [Uninitialize]
[7696:2] 2025-01-08 15:31:16.675 [0x24F0(183) CxSensorPipeClient::Uninitialize] [Uninitialize]
[7696:2] 2025-01-08 15:31:16.677 [0x24F0(183) CxSensorPipeClient::Uninitialize] [/Uninitialize]
[7696:2] 2025-01-08 15:31:16.679 [0x24F0(183) CxConsoleMonitor::Uninitialize] [/Uninitialize] SUCCESS
[12376:2] 2025-01-08 15:31:21.195 [0x3960(5) InitializeLog] [SET_LOGPATH] %programdata%\Geni\Insights\logs\cmon.cmd.exe.log
[12376:2] 2025-01-08 15:31:21.198 [0x3960(0) CxCommonApi::LogModuleInfo] [MODULE LOADING] ModuleName cmon64.dll, Version [2.0.0.1], ModulePath C:\Program Files\Geni\Insights\temp\cmon64.dll ModifiedTime 2024-09-23 16:53:04
[12376:2] 2025-01-08 15:31:21.200 [0x3960(183) CxConsoleMonitor::Initialize] [Initialize]
[12376:2] 2025-01-08 15:31:21.202 [0x3960(183) CxSensorPipeClient::Initialize] [Initialize]
[12376:2] 2025-01-08 15:31:21.203 [0x3960(0) CxThreadPool::Initialize] Queue init : OutputQue 0, nThreadPoolSize : 1
[12376:2] 2025-01-08 15:31:21.205 [0x3960(183) CxThreadPool::CreateThreadPool] Create 1 WorkerThread
[12376:2] 2025-01-08 15:31:21.216 [0x3960(183) CxConsoleMonitor::InstallHook] [InstallHook]
[12376:2] 2025-01-08 15:31:21.219 [0x3960(126) CxConsoleMonitor::xGetProcAddress] [GET_PROC_ADDR] ReadConsoleW from kernelbase.dll
[12376:2] 2025-01-08 15:31:21.221 [0x3960(183) CxConsoleMonitor::InstallHook] [INSTALL_HOOK] ReadConsoleW : cmd.exe:12376
[12376:2] 2025-01-08 15:31:21.223 [0x3960(183) CxConsoleMonitor::xGetProcAddress] [GET_PROC_ADDR] ReadConsoleInputW from kernelbase.dll
[12376:2] 2025-01-08 15:31:21.225 [0x3960(183) CxConsoleMonitor::InstallHook] [INSTALL_HOOK] RealReadConsoleInputW : cmd.exe:12376
[12376:2] 2025-01-08 15:31:21.227 [0x3960(183) CxConsoleMonitor::InstallHook] [SUCCESS]
[12376:2] 2025-01-08 15:31:21.229 [0x3960(183) CxConsoleMonitor::GetCmonProfileInfo] [REQ_CMON_PROFILE] 
[12376:2] 2025-01-08 15:31:21.231 [0x3960(0) CxConsoleMonitor::Initialize] [/Initialize] SUCCESS
[12376:2] 2025-01-08 15:31:21.258 [0x3180(87) CxThreadPool::ThreadEntry] Worker Thread begins
[12376:2] 2025-01-08 15:31:21.262 [0x3180(1) CxSensorPipeClient::SendJson] [SEND][ReqType:4] {
   "PID" : 12376,
   "ProcPath" : "C:\\Windows\\system32\\cmd.exe",
   "ReqType" : "xSensorRequestType_GetCmonProfile"
}

[12376:2] 2025-01-08 15:31:21.264 [0x3180(183) CxSensorPipeClient::SendJson] [RECV] {
   "MaxConsoleInputLength" : 1000
}

[12376:2] 2025-01-08 15:31:21.266 [0x3180(183) CxConsoleMonitor::PipeResponseCallback] [RES_CALLBACK]
[12376:2] 2025-01-08 15:31:21.268 [0x3180(183) CxConsoleMonitor::PipeResponseCallback] [CMON_PROFILE] MaxConsoleInputLength : 1000
[12376:2] 2025-01-08 15:31:21.408 [0x3960(126) CxConsoleMonitor::Uninitialize] [Uninitialize]
[12376:2] 2025-01-08 15:31:21.410 [0x3960(183) CxSensorPipeClient::Uninitialize] [Uninitialize]
[12376:2] 2025-01-08 15:31:21.412 [0x3960(183) CxSensorPipeClient::Uninitialize] [/Uninitialize]
[12376:2] 2025-01-08 15:31:21.414 [0x3960(183) CxConsoleMonitor::Uninitialize] [/Uninitialize] SUCCESS
[1160:2] 2025-01-08 15:31:22.636 [0x29CC(126) CxConsoleMonitor::Uninitialize] [Uninitialize]
[1160:2] 2025-01-08 15:31:22.638 [0x29CC(183) CxSensorPipeClient::Uninitialize] [Uninitialize]
[1160:2] 2025-01-08 15:31:22.640 [0x29CC(183) CxSensorPipeClient::Uninitialize] [/Uninitialize]
[1160:2] 2025-01-08 15:31:22.641 [0x29CC(183) CxConsoleMonitor::Uninitialize] [/Uninitialize] SUCCESS
[5348:2] 2025-01-08 15:32:12.288 [0x2160(5) InitializeLog] [SET_LOGPATH] %programdata%\Geni\Insights\logs\cmon.cmd.exe.log
[5348:2] 2025-01-08 15:32:12.291 [0x2160(0) CxCommonApi::LogModuleInfo] [MODULE LOADING] ModuleName cmon64.dll, Version [2.0.0.1], ModulePath C:\Program Files\Geni\Insights\temp\cmon64.dll ModifiedTime 2024-09-23 16:53:04
[5348:2] 2025-01-08 15:32:12.293 [0x2160(183) CxConsoleMonitor::Initialize] [Initialize]
[5348:2] 2025-01-08 15:32:12.294 [0x2160(183) CxSensorPipeClient::Initialize] [Initialize]
[5348:2] 2025-01-08 15:32:12.295 [0x2160(0) CxThreadPool::Initialize] Queue init : OutputQue 0, nThreadPoolSize : 1
[5348:2] 2025-01-08 15:32:12.297 [0x2160(183) CxThreadPool::CreateThreadPool] Create 1 WorkerThread
[5348:2] 2025-01-08 15:32:12.299 [0x2160(183) CxConsoleMonitor::InstallHook] [InstallHook]
[5348:2] 2025-01-08 15:32:12.302 [0x2160(126) CxConsoleMonitor::xGetProcAddress] [GET_PROC_ADDR] ReadConsoleW from kernelbase.dll
[5348:2] 2025-01-08 15:32:12.304 [0x2160(183) CxConsoleMonitor::InstallHook] [INSTALL_HOOK] ReadConsoleW : cmd.exe:5348
[5348:2] 2025-01-08 15:32:12.306 [0x2160(183) CxConsoleMonitor::xGetProcAddress] [GET_PROC_ADDR] ReadConsoleInputW from kernelbase.dll
[5348:2] 2025-01-08 15:32:12.307 [0x2160(183) CxConsoleMonitor::InstallHook] [INSTALL_HOOK] RealReadConsoleInputW : cmd.exe:5348
[5348:2] 2025-01-08 15:32:12.309 [0x2160(183) CxConsoleMonitor::InstallHook] [SUCCESS]
[5348:2] 2025-01-08 15:32:12.310 [0x2160(183) CxConsoleMonitor::GetCmonProfileInfo] [REQ_CMON_PROFILE] 
[5348:2] 2025-01-08 15:32:12.312 [0x2160(0) CxConsoleMonitor::Initialize] [/Initialize] SUCCESS
[5348:2] 2025-01-08 15:32:12.316 [0x1F0(87) CxThreadPool::ThreadEntry] Worker Thread begins
[5348:2] 2025-01-08 15:32:12.321 [0x1F0(1) CxSensorPipeClient::SendJson] [SEND][ReqType:4] {
   "PID" : 5348,
   "ProcPath" : "C:\\Windows\\system32\\cmd.exe",
   "ReqType" : "xSensorRequestType_GetCmonProfile"
}

[5348:2] 2025-01-08 15:32:12.323 [0x1F0(183) CxSensorPipeClient::SendJson] [RECV] {
   "MaxConsoleInputLength" : 1000
}

[5348:2] 2025-01-08 15:32:12.325 [0x1F0(183) CxConsoleMonitor::PipeResponseCallback] [RES_CALLBACK]
[5348:2] 2025-01-08 15:32:12.327 [0x1F0(183) CxConsoleMonitor::PipeResponseCallback] [CMON_PROFILE] MaxConsoleInputLength : 1000
[5348:2] 2025-01-08 15:32:18.212 [0x2160(126) CxConsoleMonitor::Uninitialize] [Uninitialize]
[5348:2] 2025-01-08 15:32:18.214 [0x2160(183) CxSensorPipeClient::Uninitialize] [Uninitialize]
[5348:2] 2025-01-08 15:32:18.216 [0x2160(183) CxSensorPipeClient::Uninitialize] [/Uninitialize]
[5348:2] 2025-01-08 15:32:18.217 [0x2160(183) CxConsoleMonitor::Uninitialize] [/Uninitialize] SUCCESS
[12408:2] 2025-01-08 15:33:12.300 [0x2DA8(5) InitializeLog] [SET_LOGPATH] %programdata%\Geni\Insights\logs\cmon.cmd.exe.log
[12408:2] 2025-01-08 15:33:12.302 [0x2DA8(0) CxCommonApi::LogModuleInfo] [MODULE LOADING] ModuleName cmon64.dll, Version [2.0.0.1], ModulePath C:\Program Files\Geni\Insights\temp\cmon64.dll ModifiedTime 2024-09-23 16:53:04
[12408:2] 2025-01-08 15:33:12.304 [0x2DA8(183) CxConsoleMonitor::Initialize] [Initialize]
[12408:2] 2025-01-08 15:33:12.305 [0x2DA8(183) CxSensorPipeClient::Initialize] [Initialize]
[12408:2] 2025-01-08 15:33:12.307 [0x2DA8(0) CxThreadPool::Initialize] Queue init : OutputQue 0, nThreadPoolSize : 1
[12408:2] 2025-01-08 15:33:12.308 [0x2DA8(183) CxThreadPool::CreateThreadPool] Create 1 WorkerThread
[12408:2] 2025-01-08 15:33:12.310 [0x2DA8(183) CxConsoleMonitor::InstallHook] [InstallHook]
[12408:2] 2025-01-08 15:33:12.312 [0x2DA8(126) CxConsoleMonitor::xGetProcAddress] [GET_PROC_ADDR] ReadConsoleW from kernelbase.dll
[12408:2] 2025-01-08 15:33:12.314 [0x2DA8(183) CxConsoleMonitor::InstallHook] [INSTALL_HOOK] ReadConsoleW : cmd.exe:12408
[12408:2] 2025-01-08 15:33:12.316 [0x2DA8(183) CxConsoleMonitor::xGetProcAddress] [GET_PROC_ADDR] ReadConsoleInputW from kernelbase.dll
[12408:2] 2025-01-08 15:33:12.318 [0x2DA8(183) CxConsoleMonitor::InstallHook] [INSTALL_HOOK] RealReadConsoleInputW : cmd.exe:12408
[12408:2] 2025-01-08 15:33:12.319 [0x2DA8(183) CxConsoleMonitor::InstallHook] [SUCCESS]
[12408:2] 2025-01-08 15:33:12.320 [0x2DA8(183) CxConsoleMonitor::GetCmonProfileInfo] [REQ_CMON_PROFILE] 
[12408:2] 2025-01-08 15:33:12.322 [0x2DA8(0) CxConsoleMonitor::Initialize] [/Initialize] SUCCESS
[12408:2] 2025-01-08 15:33:12.325 [0xF4(87) CxThreadPool::ThreadEntry] Worker Thread begins
[12408:2] 2025-01-08 15:33:12.330 [0xF4(1) CxSensorPipeClient::SendJson] [SEND][ReqType:4] {
   "PID" : 12408,
   "ProcPath" : "C:\\Windows\\system32\\cmd.exe",
   "ReqType" : "xSensorRequestType_GetCmonProfile"
}

[12408:2] 2025-01-08 15:33:12.332 [0xF4(183) CxSensorPipeClient::SendJson] [RECV] {
   "MaxConsoleInputLength" : 1000
}

[12408:2] 2025-01-08 15:33:12.333 [0xF4(183) CxConsoleMonitor::PipeResponseCallback] [RES_CALLBACK]
[12408:2] 2025-01-08 15:33:12.335 [0xF4(183) CxConsoleMonitor::PipeResponseCallback] [CMON_PROFILE] MaxConsoleInputLength : 1000
[12408:2] 2025-01-08 15:33:17.448 [0x2DA8(126) CxConsoleMonitor::Uninitialize] [Uninitialize]
[12408:2] 2025-01-08 15:33:17.450 [0x2DA8(183) CxSensorPipeClient::Uninitialize] [Uninitialize]
[12408:2] 2025-01-08 15:33:17.451 [0x2DA8(183) CxSensorPipeClient::Uninitialize] [/Uninitialize]
[12408:2] 2025-01-08 15:33:17.452 [0x2DA8(183) CxConsoleMonitor::Uninitialize] [/Uninitialize] SUCCESS
[16260:2] 2025-01-08 15:34:12.305 [0x34B8(5) InitializeLog] [SET_LOGPATH] %programdata%\Geni\Insights\logs\cmon.cmd.exe.log
[16260:2] 2025-01-08 15:34:12.308 [0x34B8(0) CxCommonApi::LogModuleInfo] [MODULE LOADING] ModuleName cmon64.dll, Version [2.0.0.1], ModulePath C:\Program Files\Geni\Insights\temp\cmon64.dll ModifiedTime 2024-09-23 16:53:04
[16260:2] 2025-01-08 15:34:12.309 [0x34B8(183) CxConsoleMonitor::Initialize] [Initialize]
[16260:2] 2025-01-08 15:34:12.311 [0x34B8(183) CxSensorPipeClient::Initialize] [Initialize]
[16260:2] 2025-01-08 15:34:12.312 [0x34B8(0) CxThreadPool::Initialize] Queue init : OutputQue 0, nThreadPoolSize : 1
[16260:2] 2025-01-08 15:34:12.313 [0x34B8(183) CxThreadPool::CreateThreadPool] Create 1 WorkerThread
[16260:2] 2025-01-08 15:34:12.315 [0x34B8(183) CxConsoleMonitor::InstallHook] [InstallHook]
[16260:2] 2025-01-08 15:34:12.317 [0x34B8(126) CxConsoleMonitor::xGetProcAddress] [GET_PROC_ADDR] ReadConsoleW from kernelbase.dll
[16260:2] 2025-01-08 15:34:12.318 [0x34B8(183) CxConsoleMonitor::InstallHook] [INSTALL_HOOK] ReadConsoleW : cmd.exe:16260
[16260:2] 2025-01-08 15:34:12.320 [0x34B8(183) CxConsoleMonitor::xGetProcAddress] [GET_PROC_ADDR] ReadConsoleInputW from kernelbase.dll
[16260:2] 2025-01-08 15:34:12.321 [0x34B8(183) CxConsoleMonitor::InstallHook] [INSTALL_HOOK] RealReadConsoleInputW : cmd.exe:16260
[16260:2] 2025-01-08 15:34:12.322 [0x34B8(183) CxConsoleMonitor::InstallHook] [SUCCESS]
[16260:2] 2025-01-08 15:34:12.324 [0x34B8(183) CxConsoleMonitor::GetCmonProfileInfo] [REQ_CMON_PROFILE] 
[16260:2] 2025-01-08 15:34:12.325 [0x34B8(0) CxConsoleMonitor::Initialize] [/Initialize] SUCCESS
[16260:2] 2025-01-08 15:34:12.328 [0x3AF4(87) CxThreadPool::ThreadEntry] Worker Thread begins
[16260:2] 2025-01-08 15:34:12.332 [0x3AF4(1) CxSensorPipeClient::SendJson] [SEND][ReqType:4] {
   "PID" : 16260,
   "ProcPath" : "C:\\Windows\\system32\\cmd.exe",
   "ReqType" : "xSensorRequestType_GetCmonProfile"
}

[16260:2] 2025-01-08 15:34:12.334 [0x3AF4(183) CxSensorPipeClient::SendJson] [RECV] {
   "MaxConsoleInputLength" : 1000
}

[16260:2] 2025-01-08 15:34:12.336 [0x3AF4(183) CxConsoleMonitor::PipeResponseCallback] [RES_CALLBACK]
[16260:2] 2025-01-08 15:34:12.338 [0x3AF4(183) CxConsoleMonitor::PipeResponseCallback] [CMON_PROFILE] MaxConsoleInputLength : 1000
[16260:2] 2025-01-08 15:34:17.870 [0x34B8(126) CxConsoleMonitor::Uninitialize] [Uninitialize]
[16260:2] 2025-01-08 15:34:17.872 [0x34B8(183) CxSensorPipeClient::Uninitialize] [Uninitialize]
[16260:2] 2025-01-08 15:34:17.873 [0x34B8(183) CxSensorPipeClient::Uninitialize] [/Uninitialize]
[16260:2] 2025-01-08 15:34:17.875 [0x34B8(183) CxConsoleMonitor::Uninitialize] [/Uninitialize] SUCCESS
[13652:3] 2026-05-26 17:44:36.466 [0x7100(5) InitializeLog] [SET_LOGPATH] %programdata%\Geni\Insights\logs\cmon.cmd.exe.log
[13652:3] 2026-05-26 17:44:36.490 [0x7100(0) CxCommonApi::LogModuleInfo] [MODULE LOADING] ModuleName cmon64.dll, Version [2.0.0.1], ModulePath C:\Program Files\Geni\Insights\temp\cmon64.dll ModifiedTime 2025-06-05 10:23:00
[13652:3] 2026-05-26 17:44:36.502 [0x7100(183) CxConsoleMonitor::Initialize] [Initialize]
[13652:3] 2026-05-26 17:44:36.513 [0x7100(183) CxSensorPipeClient::Initialize] [Initialize]
[13652:3] 2026-05-26 17:44:36.524 [0x7100(0) CxThreadPool::Initialize] Queue init : OutputQue 0, nThreadPoolSize : 1
[13652:3] 2026-05-26 17:44:36.535 [0x7100(183) CxThreadPool::CreateThreadPool] Create 1 WorkerThread
[13652:3] 2026-05-26 17:44:36.546 [0x7100(183) CxConsoleMonitor::InstallHook] [InstallHook]
[13652:3] 2026-05-26 17:44:36.558 [0x7100(126) CxConsoleMonitor::xGetProcAddress] [GET_PROC_ADDR] ReadConsoleW from kernelbase.dll
[13652:3] 2026-05-26 17:44:36.569 [0x7100(183) CxConsoleMonitor::InstallHook] [INSTALL_HOOK] ReadConsoleW : cmd.exe:13652
[13652:3] 2026-05-26 17:44:36.580 [0x7100(183) CxConsoleMonitor::xGetProcAddress] [GET_PROC_ADDR] ReadConsoleInputW from kernelbase.dll
[13652:3] 2026-05-26 17:44:36.590 [0x7100(183) CxConsoleMonitor::InstallHook] [INSTALL_HOOK] RealReadConsoleInputW : cmd.exe:13652
[13652:3] 2026-05-26 17:44:36.601 [0x7100(183) CxConsoleMonitor::InstallHook] [SUCCESS]
[13652:3] 2026-05-26 17:44:36.611 [0x7100(183) CxConsoleMonitor::GetCmonProfileInfo] [REQ_CMON_PROFILE] 
[13652:3] 2026-05-26 17:44:36.622 [0x7100(0) CxConsoleMonitor::Initialize] [/Initialize] SUCCESS
[13652:3] 2026-05-26 17:44:36.634 [0x71B8(0) CxThreadPool::ThreadEntry] Worker Thread begins
[14044:3] 2026-05-26 17:45:36.124 [0x438C(5) InitializeLog] [SET_LOGPATH] %programdata%\Geni\Insights\logs\cmon.cmd.exe.log
[14044:3] 2026-05-26 17:45:36.136 [0x438C(0) CxCommonApi::LogModuleInfo] [MODULE LOADING] ModuleName cmon64.dll, Version [2.0.0.1], ModulePath C:\Program Files\Geni\Insights\temp\cmon64.dll ModifiedTime 2025-06-05 10:23:00
[14044:3] 2026-05-26 17:45:36.147 [0x438C(183) CxConsoleMonitor::Initialize] [Initialize]
[14044:3] 2026-05-26 17:45:36.173 [0x438C(183) CxSensorPipeClient::Initialize] [Initialize]
[14044:3] 2026-05-26 17:45:36.185 [0x438C(0) CxThreadPool::Initialize] Queue init : OutputQue 0, nThreadPoolSize : 1
[14044:3] 2026-05-26 17:45:36.197 [0x438C(183) CxThreadPool::CreateThreadPool] Create 1 WorkerThread
[14044:3] 2026-05-26 17:45:36.209 [0x438C(183) CxConsoleMonitor::InstallHook] [InstallHook]
[14044:3] 2026-05-26 17:45:36.221 [0x438C(126) CxConsoleMonitor::xGetProcAddress] [GET_PROC_ADDR] ReadConsoleW from kernelbase.dll
[14044:3] 2026-05-26 17:45:36.233 [0x438C(183) CxConsoleMonitor::InstallHook] [INSTALL_HOOK] ReadConsoleW : cmd.exe:14044
[14044:3] 2026-05-26 17:45:36.243 [0x438C(183) CxConsoleMonitor::xGetProcAddress] [GET_PROC_ADDR] ReadConsoleInputW from kernelbase.dll
[14044:3] 2026-05-26 17:45:36.254 [0x438C(183) CxConsoleMonitor::InstallHook] [INSTALL_HOOK] RealReadConsoleInputW : cmd.exe:14044
[14044:3] 2026-05-26 17:45:36.265 [0x438C(183) CxConsoleMonitor::InstallHook] [SUCCESS]
[14044:3] 2026-05-26 17:45:36.276 [0x438C(183) CxConsoleMonitor::GetCmonProfileInfo] [REQ_CMON_PROFILE] 
[14044:3] 2026-05-26 17:45:36.287 [0x438C(0) CxConsoleMonitor::Initialize] [/Initialize] SUCCESS
[14044:3] 2026-05-26 17:45:36.298 [0x7D98(0) CxThreadPool::ThreadEntry] Worker Thread begins
[30440:3] 2026-05-26 17:46:36.448 [0x1F1C(5) InitializeLog] [SET_LOGPATH] %programdata%\Geni\Insights\logs\cmon.cmd.exe.log
[30440:3] 2026-05-26 17:46:36.460 [0x1F1C(0) CxCommonApi::LogModuleInfo] [MODULE LOADING] ModuleName cmon64.dll, Version [2.0.0.1], ModulePath C:\Program Files\Geni\Insights\temp\cmon64.dll ModifiedTime 2025-06-05 10:23:00
[30440:3] 2026-05-26 17:46:36.471 [0x1F1C(183) CxConsoleMonitor::Initialize] [Initialize]
[30440:3] 2026-05-26 17:46:36.497 [0x1F1C(183) CxSensorPipeClient::Initialize] [Initialize]
[30440:3] 2026-05-26 17:46:36.509 [0x1F1C(0) CxThreadPool::Initialize] Queue init : OutputQue 0, nThreadPoolSize : 1
[30440:3] 2026-05-26 17:46:36.521 [0x1F1C(183) CxThreadPool::CreateThreadPool] Create 1 WorkerThread
[30440:3] 2026-05-26 17:46:36.533 [0x1F1C(183) CxConsoleMonitor::InstallHook] [InstallHook]
[30440:3] 2026-05-26 17:46:36.545 [0x1F1C(126) CxConsoleMonitor::xGetProcAddress] [GET_PROC_ADDR] ReadConsoleW from kernelbase.dll
[30440:3] 2026-05-26 17:46:36.557 [0x1F1C(183) CxConsoleMonitor::InstallHook] [INSTALL_HOOK] ReadConsoleW : cmd.exe:30440
[30440:3] 2026-05-26 17:46:36.568 [0x1F1C(183) CxConsoleMonitor::xGetProcAddress] [GET_PROC_ADDR] ReadConsoleInputW from kernelbase.dll
[30440:3] 2026-05-26 17:46:36.579 [0x1F1C(183) CxConsoleMonitor::InstallHook] [INSTALL_HOOK] RealReadConsoleInputW : cmd.exe:30440
[30440:3] 2026-05-26 17:46:36.590 [0x1F1C(183) CxConsoleMonitor::InstallHook] [SUCCESS]
[30440:3] 2026-05-26 17:46:36.600 [0x1F1C(183) CxConsoleMonitor::GetCmonProfileInfo] [REQ_CMON_PROFILE] 
[30440:3] 2026-05-26 17:46:36.611 [0x1F1C(0) CxConsoleMonitor::Initialize] [/Initialize] SUCCESS
[30440:3] 2026-05-26 17:46:36.622 [0x7CC4(0) CxThreadPool::ThreadEntry] Worker Thread begins
